Epoch,Global_Step,Loss,LR,Fourier_Gate_Avg
0,0,1.954350471496582,0.0,0.10000000149011612
0,5,1.8736680746078491,2.666666666666667e-06,0.09999997168779373
1,5,1.924119234085083,2.666666666666667e-06,0.09999997168779373
1,10,1.9287457466125488,5.333333333333334e-06,0.09999988228082657
2,10,1.959923505783081,5.333333333333334e-06,0.09999988228082657
2,15,2.0347471237182617,8.000000000000001e-06,0.09999988559219572
3,15,1.837685465812683,8.000000000000001e-06,0.09999988559219572
3,20,1.9732767343521118,1.0666666666666667e-05,0.100007979820172
4,20,1.9126381874084473,1.0666666666666667e-05,0.100007979820172
4,25,1.9032901525497437,1.3333333333333333e-05,0.10004935165246327
5,25,1.747694730758667,1.3333333333333333e-05,0.10004935165246327
5,30,1.8740246295928955,1.6000000000000003e-05,0.1001196482943164
6,30,1.8052716255187988,1.6000000000000003e-05,0.1001196482943164
6,35,1.825476050376892,1.866666666666667e-05,0.1002182447248035
7,35,2.0196375846862793,1.866666666666667e-05,0.1002182447248035
7,40,1.8048474788665771,2.1333333333333335e-05,0.10034741461277008
8,40,1.607475996017456,2.1333333333333335e-05,0.10034741461277008
8,45,1.6756690740585327,2.4e-05,0.10050674859020445
9,45,1.683042049407959,2.4e-05,0.10050674859020445
9,50,1.7931627035140991,2.6666666666666667e-05,0.10067173714439075
10,50,1.7630541324615479,2.6666666666666667e-05,0.10067173714439075
10,55,1.5378787517547607,2.9333333333333336e-05,0.10079448421796162
11,55,1.5950970649719238,2.9333333333333336e-05,0.10079448421796162
11,60,1.631312370300293,3.2000000000000005e-05,0.10093020151058833
12,60,1.6197805404663086,3.2000000000000005e-05,0.10093020151058833
12,65,1.488433837890625,3.466666666666667e-05,0.1010655090212822
13,65,1.498183250427246,3.466666666666667e-05,0.1010655090212822
13,70,1.6757065057754517,3.733333333333334e-05,0.10120199993252754
14,70,1.5200257301330566,3.733333333333334e-05,0.10120199993252754
14,75,1.5057600736618042,4e-05,0.10143197452028592
15,75,1.4083354473114014,4e-05,0.10143197452028592
15,80,1.3835229873657227,4.266666666666667e-05,0.10157540895872647
16,80,1.4190406799316406,4.266666666666667e-05,0.10157540895872647
16,85,1.4274730682373047,4.5333333333333335e-05,0.10181066145499547
17,85,1.4718337059020996,4.5333333333333335e-05,0.10181066145499547
17,90,1.4984077215194702,4.8e-05,0.10195782159765561
18,90,1.396212100982666,4.8e-05,0.10195782159765561
18,95,1.3989667892456055,5.0666666666666674e-05,0.10211567870444721
19,95,1.4479405879974365,5.0666666666666674e-05,0.10211567870444721
19,100,1.3972009420394897,5.333333333333333e-05,0.10230739911397298
20,100,1.358905553817749,5.333333333333333e-05,0.10230739911397298
20,105,1.3642795085906982,5.6000000000000006e-05,0.10240892072518666
21,105,1.3719266653060913,5.6000000000000006e-05,0.10240892072518666
21,110,1.3490159511566162,5.866666666666667e-05,0.10256885488828023
22,110,1.343481421470642,5.866666666666667e-05,0.10256885488828023
22,115,1.3665612936019897,6.133333333333334e-05,0.1027866585387124
23,115,1.303654670715332,6.133333333333334e-05,0.1027866585387124
23,120,1.360081672668457,6.400000000000001e-05,0.10300102871325281
24,120,1.3273946046829224,6.400000000000001e-05,0.10300102871325281
24,125,1.2891318798065186,6.666666666666667e-05,0.10330943307942814
25,125,1.2702282667160034,6.666666666666667e-05,0.10330943307942814
25,130,1.320576548576355,6.933333333333334e-05,0.10374649117390315
26,130,1.283677339553833,6.933333333333334e-05,0.10374649117390315
26,135,1.2955217361450195,7.2e-05,0.1041855596833759
27,135,1.272650957107544,7.2e-05,0.1041855596833759
27,140,1.2871646881103516,7.466666666666667e-05,0.10469609705938233
28,140,1.2279808521270752,7.466666666666667e-05,0.10469609705938233
28,145,1.2000941038131714,7.733333333333333e-05,0.10516035101479954
29,145,1.1543759107589722,7.733333333333333e-05,0.10516035101479954
29,150,1.1841135025024414,8e-05,0.10565553315811688
30,150,1.1742005348205566,8e-05,0.10565553315811688
30,155,1.162675142288208,8.266666666666667e-05,0.10615355645616849
31,155,1.1771903038024902,8.266666666666667e-05,0.10615355645616849
31,160,1.1592403650283813,8.533333333333334e-05,0.10665623885062006
32,160,1.1215742826461792,8.533333333333334e-05,0.10665623885062006
32,165,1.2125535011291504,8.800000000000001e-05,0.1071631552444564
33,165,1.0878342390060425,8.800000000000001e-05,0.1071631552444564
33,170,1.066993236541748,9.066666666666667e-05,0.10764136537909508
34,170,1.1192706823349,9.066666666666667e-05,0.10764136537909508
34,175,1.062875747680664,9.333333333333334e-05,0.10813079815771845
35,175,1.108124852180481,9.333333333333334e-05,0.10813079815771845
35,180,1.048543930053711,9.6e-05,0.10855818332897292
36,180,1.065565824508667,9.6e-05,0.10855818332897292
36,185,1.0059462785720825,9.866666666666668e-05,0.10904150456190109
37,185,1.039083480834961,9.866666666666668e-05,0.10904150456190109
37,190,1.0500839948654175,0.00010133333333333335,0.10962789671288596
38,190,1.0113706588745117,0.00010133333333333335,0.10962789671288596
38,195,1.017095923423767,0.00010400000000000001,0.11017721891403198
39,195,0.9435547590255737,0.00010400000000000001,0.11017721891403198
39,200,0.9505974054336548,0.00010666666666666667,0.11075217773516972
40,200,0.9275156855583191,0.00010666666666666667,0.11075217773516972
40,205,0.9801701903343201,0.00010933333333333333,0.11116564149657886
41,205,0.9632974863052368,0.00010933333333333333,0.11116564149657886
41,210,0.9278311133384705,0.00011200000000000001,0.11165980953309271
42,210,1.0178020000457764,0.00011200000000000001,0.11165980953309271
42,215,0.9845680594444275,0.00011466666666666667,0.1121673629515701
43,215,0.9513282775878906,0.00011466666666666667,0.1121673629515701
43,220,1.1035935878753662,0.00011733333333333334,0.11266743764281273
44,220,0.978857696056366,0.00011733333333333334,0.11266743764281273
44,225,0.9166054725646973,0.00012,0.1133120564950837
45,225,1.0375189781188965,0.00012,0.1133120564950837
45,230,0.8917443752288818,0.00012266666666666668,0.11398029989666408
46,230,0.8492493033409119,0.00012266666666666668,0.11398029989666408
46,235,0.8699023723602295,0.00012533333333333334,0.11449327319860458
47,235,0.9038206338882446,0.00012533333333333334,0.11449327319860458
47,240,1.0290573835372925,0.00012800000000000002,0.11507169074482387
48,240,0.8770124316215515,0.00012800000000000002,0.11507169074482387
48,245,0.9718300700187683,0.00013066666666666668,0.11557736371954282
49,245,0.8371378779411316,0.00013066666666666668,0.11557736371954282
49,250,0.8762694597244263,0.00013333333333333334,0.1160245682630274
50,250,0.8538713455200195,0.00013333333333333334,0.1160245682630274
50,255,0.7998110055923462,0.00013600000000000003,0.11637289449572563
51,255,0.9362452030181885,0.00013600000000000003,0.11637289449572563
51,260,0.8945905566215515,0.00013866666666666669,0.116720842404498
52,260,0.9492173194885254,0.00013866666666666669,0.116720842404498
52,265,0.8788528442382812,0.00014133333333333334,0.1171279429561562
53,265,0.8312853574752808,0.00014133333333333334,0.1171279429561562
53,270,0.7433433532714844,0.000144,0.1175992629594273
54,270,0.7959485054016113,0.000144,0.1175992629594273
54,275,0.7704741358757019,0.00014666666666666666,0.11800340728627311
55,275,0.8151611685752869,0.00014666666666666666,0.11800340728627311
55,280,0.828115701675415,0.00014933333333333335,0.11827268699804942
56,280,0.7490617036819458,0.00014933333333333335,0.11827268699804942
56,285,0.7095584869384766,0.000152,0.11865987131992976
57,285,0.7321798205375671,0.000152,0.11865987131992976
57,290,0.7851960062980652,0.00015466666666666667,0.11907652392983437
58,290,0.7362798452377319,0.00015466666666666667,0.11907652392983437
58,295,0.6869853734970093,0.00015733333333333333,0.11947762841979663
59,295,0.7735700607299805,0.00015733333333333333,0.11947762841979663
59,300,0.8311163187026978,0.00016,0.11983264568779203
60,300,0.7791765928268433,0.00016,0.11983264568779203
60,305,0.7475447654724121,0.00016266666666666667,0.120141109244691
61,305,0.713707447052002,0.00016266666666666667,0.120141109244691
61,310,0.6673397421836853,0.00016533333333333333,0.12047925591468811
62,310,0.70427006483078,0.00016533333333333333,0.12047925591468811
62,315,0.8813003897666931,0.000168,0.1208327089746793
63,315,0.8556571006774902,0.000168,0.1208327089746793
63,320,0.6885329484939575,0.00017066666666666668,0.12117032789521748
64,320,0.7285245656967163,0.00017066666666666668,0.12117032789521748
64,325,0.8602662086486816,0.00017333333333333334,0.12159103858802053
65,325,0.8002790212631226,0.00017333333333333334,0.12159103858802053
65,330,0.7331901788711548,0.00017600000000000002,0.1219794245229827
66,330,0.945942223072052,0.00017600000000000002,0.1219794245229827
66,335,0.6247367858886719,0.00017866666666666668,0.12232660005489986
67,335,0.658225953578949,0.00017866666666666668,0.12232660005489986
67,340,0.8039589524269104,0.00018133333333333334,0.12291913272606002
68,340,0.7671946287155151,0.00018133333333333334,0.12291913272606002
68,345,0.8107802271842957,0.00018400000000000003,0.1233396294216315
69,345,0.6897222995758057,0.00018400000000000003,0.1233396294216315
69,350,0.7605247497558594,0.0001866666666666667,0.12371825675169627
70,350,0.7504703402519226,0.0001866666666666667,0.12371825675169627
70,355,0.7824517488479614,0.00018933333333333335,0.12400238174531195
71,355,0.7024565935134888,0.00018933333333333335,0.12400238174531195
71,360,0.7195310592651367,0.000192,0.12445698554317157
72,360,0.7296851873397827,0.000192,0.12445698554317157
72,365,0.7250161170959473,0.0001946666666666667,0.1248883306980133
73,365,0.6818917989730835,0.0001946666666666667,0.1248883306980133
73,370,0.6609737873077393,0.00019733333333333335,0.12530634510848257
74,370,0.8180772066116333,0.00019733333333333335,0.12530634510848257
74,375,0.7895971536636353,0.0002,0.12553587100572056
75,375,0.692349910736084,0.0002,0.12553587100572056
75,380,0.641132116317749,0.00019999975698121506,0.12598543241620064
76,380,0.7904416918754578,0.00019999975698121506,0.12598543241620064
76,385,0.7302910089492798,0.00019999902792604138,0.1263562184241083
77,385,0.699273407459259,0.00019999902792604138,0.1263562184241083
77,390,0.7482213377952576,0.0001999978128380225,0.12654916735159027
78,390,0.6067473888397217,0.0001999978128380225,0.12654916735159027
78,395,0.7442945837974548,0.0001999961117230641,0.12686357440219986
79,395,0.7055191993713379,0.0001999961117230641,0.12686357440219986
79,400,0.6237086057662964,0.00019999392458943432,0.12726409691903326
80,400,0.8433548212051392,0.00019999392458943432,0.12726409691903326
80,405,0.750117301940918,0.0001999912514477634,0.1275796244541804
81,405,0.6994454264640808,0.0001999912514477634,0.1275796244541804
81,410,0.7761484980583191,0.00019998809231104388,0.12788023551305136
82,410,0.704880952835083,0.00019998809231104388,0.12788023551305136
82,415,0.630654513835907,0.00019998444719463029,0.12831703242328432
83,415,0.6996273994445801,0.00019998444719463029,0.12831703242328432
83,420,0.6933847665786743,0.0001999803161162393,0.128696299261517
84,420,0.8460958003997803,0.0001999803161162393,0.128696299261517
84,425,0.8115672469139099,0.00019997569909594947,0.12896153454979262
85,425,0.8611857891082764,0.00019997569909594947,0.12896153454979262
85,430,0.7317902445793152,0.00019997059615620128,0.12924944568011495
86,430,0.6641249656677246,0.00019997059615620128,0.12924944568011495
86,435,0.7580692768096924,0.00019996500732179695,0.12980750078956285
87,435,0.7251940369606018,0.00019996500732179695,0.12980750078956285
87,440,0.733709990978241,0.00019995893261990025,0.13013572204444143
88,440,0.7439190745353699,0.00019995893261990025,0.13013572204444143
88,445,0.8070923686027527,0.00019995237208003658,0.13043661870890194
89,445,0.6928142309188843,0.00019995237208003658,0.13043661870890194
89,450,0.7590159773826599,0.00019994532573409262,0.13058761631449065
90,450,0.6946306228637695,0.00019994532573409262,0.13058761631449065
90,455,0.6719152927398682,0.0001999377936163162,0.13079152877132097
91,455,0.7466558218002319,0.0001999377936163162,0.13079152877132097
91,460,0.6921060085296631,0.00019992977576331633,0.13107430727945435
92,460,0.6568197011947632,0.00019992977576331633,0.13107430727945435
92,465,0.730623722076416,0.00019992127221406275,0.1313531088332335
93,465,0.785293698310852,0.00019992127221406275,0.1313531088332335
93,470,0.7454646825790405,0.00019991228300988585,0.1317365492383639
94,470,0.7931818962097168,0.00019991228300988585,0.1317365492383639
94,475,0.76699298620224,0.0001999028081944766,0.13199227675795555
95,475,0.7231860756874084,0.0001999028081944766,0.13199227675795555
95,480,0.7356125116348267,0.00019989284781388617,0.1323814880516794
96,480,0.6206987500190735,0.00019989284781388617,0.1323814880516794
96,485,0.7679567337036133,0.0001998824019165257,0.1326105503572358
97,485,0.5532004237174988,0.0001998824019165257,0.1326105503572358
97,490,0.7476210594177246,0.0001998714705531662,0.13287784117791387
98,490,0.8215060234069824,0.0001998714705531662,0.13287784117791387
98,495,0.7483126521110535,0.00019986005377693825,0.13307371280259556
99,495,0.7809324264526367,0.00019986005377693825,0.13307371280259556
99,500,0.6690815687179565,0.00019984815164333163,0.13332972592777675
100,500,0.7055017352104187,0.00019984815164333163,0.13332972592777675
100,505,0.692055881023407,0.00019983576421019517,0.13371313901411164
101,505,0.8856551051139832,0.00019983576421019517,0.13371313901411164
101,510,0.7343641519546509,0.00019982289153773646,0.13397985241479343
102,510,0.7750364542007446,0.00019982289153773646,0.13397985241479343
102,515,0.6402801275253296,0.0001998095336885215,0.13416437887483174
103,515,0.6396557092666626,0.0001998095336885215,0.13416437887483174
103,520,0.668400228023529,0.00019979569072747452,0.1344230311612288
104,520,0.5967344045639038,0.00019979569072747452,0.1344230311612288
104,525,0.7713137865066528,0.00019978136272187747,0.1347445353037781
105,525,0.7237648963928223,0.00019978136272187747,0.1347445353037781
105,530,0.7206711769104004,0.00019976654974136984,0.1349906341897117
106,530,0.6707606315612793,0.00019976654974136984,0.1349906341897117
106,535,0.6851967573165894,0.00019975125185794825,0.1352034111817678
107,535,0.713819146156311,0.00019975125185794825,0.1352034111817678
107,540,0.5972608923912048,0.00019973546914596623,0.1354633371035258
108,540,0.7160842418670654,0.00019973546914596623,0.1354633371035258
108,545,0.6455876231193542,0.00019971920168213364,0.1357631745437781
109,545,0.7104184031486511,0.00019971920168213364,0.1357631745437781
109,550,0.7031975984573364,0.0001997024495455165,0.13604160315460628
110,550,0.7863979339599609,0.0001997024495455165,0.13604160315460628
110,555,0.6221593022346497,0.00019968521281753642,0.13631552788946363
111,555,0.6914004683494568,0.00019968521281753642,0.13631552788946363
111,560,0.6827609539031982,0.00019966749158197047,0.13644916315873465
112,560,0.6743543148040771,0.00019966749158197047,0.13644916315873465
112,565,0.6849216818809509,0.00019964928592495045,0.13674182693163553
113,565,0.7168135643005371,0.00019964928592495045,0.13674182693163553
113,570,0.7715643644332886,0.00019963059593496268,0.1368748073776563
114,570,0.7665513753890991,0.00019963059593496268,0.1368748073776563
114,575,0.7061306238174438,0.00019961142170284762,0.1371187542875608
115,575,0.8044793009757996,0.00019961142170284762,0.1371187542875608
115,580,0.6427487730979919,0.00019959176332179915,0.1372674662205908
116,580,0.7444829940795898,0.00019959176332179915,0.1372674662205908
116,585,0.7006139159202576,0.0001995716208873644,0.13753270357847214
117,585,0.6547123789787292,0.0001995716208873644,0.13753270357847214
117,590,0.6354268789291382,0.0001995509944974432,0.13780372755395043
118,590,0.6310268640518188,0.0001995509944974432,0.13780372755395043
118,595,0.6965658068656921,0.00019952988425228754,0.13794582751062182
119,595,0.7020643949508667,0.00019952988425228754,0.13794582751062182
119,600,0.6905199885368347,0.00019950829025450114,0.13810703489515516
120,600,0.724754810333252,0.00019950829025450114,0.13810703489515516
120,605,0.6851232051849365,0.00019948621260903896,0.1384701223837005
121,605,0.6135503649711609,0.00019948621260903896,0.1384701223837005
121,610,0.6756040453910828,0.00019946365142320665,0.13854043599632052
122,610,0.673637866973877,0.00019946365142320665,0.13854043599632052
122,615,0.726743221282959,0.00019944060680666002,0.13866722169849607
123,615,0.778806209564209,0.00019944060680666002,0.13866722169849607
123,620,0.6698285937309265,0.0001994170788714046,0.13878503193457922
124,620,0.6176333427429199,0.0001994170788714046,0.13878503193457922
124,625,0.7893273234367371,0.00019939306773179497,0.13904304636849296
125,625,0.7482008337974548,0.00019939306773179497,0.13904304636849296
125,630,0.7239567637443542,0.0001993685735045343,0.13933190123902428
126,630,0.6686171889305115,0.0001993685735045343,0.13933190123902428
126,635,0.753433108329773,0.0001993435963086737,0.1394777057899369
127,635,0.7197397947311401,0.0001993435963086737,0.1394777057899369
127,640,0.6130143404006958,0.0001993181362656118,0.13971091558535895
128,640,0.6070147752761841,0.0001993181362656118,0.13971091558535895
128,645,0.7557929754257202,0.00019929219349909392,0.1399577036499977
129,645,0.5682377815246582,0.00019929219349909392,0.1399577036499977
129,650,0.681177020072937,0.00019926576813521164,0.14021884318855074
130,650,0.7097373604774475,0.00019926576813521164,0.14021884318855074
130,655,0.6384504437446594,0.00019923886030240225,0.14032362153132757
131,655,0.7927449345588684,0.00019923886030240225,0.14032362153132757
131,660,0.7792665362358093,0.0001992114701314478,0.1406179600291782
132,660,0.6144728660583496,0.0001992114701314478,0.1406179600291782
132,665,0.6526567935943604,0.00019918359775547489,0.14080972969532013
133,665,0.6900653839111328,0.00019918359775547489,0.14080972969532013
133,670,0.6930845975875854,0.00019915524330995371,0.1411143582728174
134,670,0.6767081022262573,0.00019915524330995371,0.1411143582728174
134,675,0.8067517280578613,0.00019912640693269752,0.14132855667008293
135,675,0.7092558741569519,0.00019912640693269752,0.14132855667008293
135,680,0.684807300567627,0.000199097088763862,0.14151001224915186
136,680,0.6283156275749207,0.000199097088763862,0.14151001224915186
136,685,0.6122077703475952,0.00019906728894594438,0.14184353914525774
137,685,0.7489832639694214,0.00019906728894594438,0.14184353914525774
137,690,0.7454714775085449,0.000199037007623783,0.14203665985001457
138,690,0.7003077864646912,0.000199037007623783,0.14203665985001457
138,695,0.782795786857605,0.0001990062449445565,0.14217213541269302
139,695,0.6657246351242065,0.0001990062449445565,0.14217213541269302
139,700,0.7255172729492188,0.000198975001057783,0.1426069719923867
140,700,0.7534517049789429,0.000198975001057783,0.1426069719923867
140,705,0.6816933751106262,0.0001989432761153196,0.1429037633869383
141,705,0.7145071029663086,0.0001989432761153196,0.1429037633869383
141,710,0.7115485072135925,0.00019891107027136137,0.14308051847749287
142,710,0.7352563738822937,0.00019891107027136137,0.14308051847749287
142,715,0.6064817309379578,0.00019887838368244087,0.1431711349222395
143,715,0.6754254102706909,0.00019887838368244087,0.1431711349222395
143,720,0.6305021643638611,0.00019884521650742715,0.14346851408481598
144,720,0.7582262754440308,0.00019884521650742715,0.14346851408481598
144,725,0.6615858674049377,0.00019881156890752517,0.14367390837934282
145,725,0.5900511145591736,0.00019881156890752517,0.14367390837934282
145,730,0.6731663942337036,0.0001987774410462749,0.14377985315190422
146,730,0.7310657501220703,0.0001987774410462749,0.14377985315190422
146,735,0.6240938901901245,0.00019874283308955057,0.14400740878449547
147,735,0.6356045007705688,0.00019874283308955057,0.14400740878449547
147,740,0.700836181640625,0.00019870774520555986,0.14434731089406544
148,740,0.7594510316848755,0.00019870774520555986,0.14434731089406544
148,745,0.7356196641921997,0.00019867217756484306,0.14461025512880749
149,745,0.6325122117996216,0.00019867217756484306,0.14461025512880749
149,750,0.7665241956710815,0.00019863613034027224,0.144866776963075
150,750,0.6950043439865112,0.00019863613034027224,0.144866776963075
150,755,0.5903587341308594,0.0001985996037070505,0.14523101184103224
151,755,0.6635735630989075,0.0001985996037070505,0.14523101184103224
151,760,0.5934993624687195,0.000198562597842711,0.14543073707156712
152,760,0.6270280480384827,0.000198562597842711,0.14543073707156712
152,765,0.6704270243644714,0.00019852511292711608,0.14556523909171423
153,765,0.7442845106124878,0.00019852511292711608,0.14556523909171423
153,770,0.714606761932373,0.00019848714914245656,0.1457540061738756
154,770,0.6347838044166565,0.00019848714914245656,0.1457540061738756
154,775,0.6907808184623718,0.00019844870667325073,0.1459111124277115
155,775,0.6730917692184448,0.00019844870667325073,0.1459111124277115
155,780,0.5817397832870483,0.0001984097857063434,0.14611962851550844
156,780,0.6678948402404785,0.0001984097857063434,0.14611962851550844
156,785,0.6698448657989502,0.00019837038643090503,0.14625723742776447
157,785,0.6628016233444214,0.00019837038643090503,0.14625723742776447
157,790,0.6407703757286072,0.000198330509038431,0.1464866449435552
158,790,0.6874747276306152,0.000198330509038431,0.1464866449435552
158,795,0.6277533173561096,0.00019829015372274038,0.14663199997610515
159,795,0.6272959113121033,0.00019829015372274038,0.14663199997610515
159,800,0.666283130645752,0.00019824932067997515,0.1469224931465255
160,800,0.646184504032135,0.00019824932067997515,0.1469224931465255
160,805,0.696398138999939,0.0001982080101085993,0.1470071565773752
161,805,0.8132219314575195,0.0001982080101085993,0.1470071565773752
161,810,0.7312592267990112,0.0001981662222093976,0.14716844591829512
162,810,0.7498371601104736,0.0001981662222093976,0.14716844591829512
162,815,0.6527688503265381,0.00019812395718547506,0.1473162861333953
163,815,0.708699107170105,0.00019812395718547506,0.1473162861333953
163,820,0.673208475112915,0.00019808121524225554,0.14747526827785704
164,820,0.7121853232383728,0.00019808121524225554,0.14747526827785704
164,825,0.7605651617050171,0.00019803799658748094,0.14774232274956173
165,825,0.6628903150558472,0.00019803799658748094,0.14774232274956173
165,830,0.7761175632476807,0.00019799430143121015,0.14798647662003836
166,830,0.7096737623214722,0.00019799430143121015,0.14798647662003836
166,835,0.7240405082702637,0.00019795012998581805,0.14815221809678608
167,835,0.6937195658683777,0.00019795012998581805,0.14815221809678608
167,840,0.6780275106430054,0.00019790548246599447,0.14834708720445633
168,840,0.5975689888000488,0.00019790548246599447,0.14834708720445633
168,845,0.610393226146698,0.00019786035908874312,0.1484454795718193
169,845,0.6754648685455322,0.00019786035908874312,0.1484454795718193
169,850,0.8499957919120789,0.00019781476007338058,0.14865721099906498
170,850,0.6678924560546875,0.00019781476007338058,0.14865721099906498
170,855,0.6540641784667969,0.00019776868564153516,0.14873245110114416
171,855,0.6494532823562622,0.00019776868564153516,0.14873245110114416
171,860,0.665141224861145,0.00019772213601714595,0.14901769161224365
172,860,0.6635801792144775,0.00019772213601714595,0.14901769161224365
172,865,0.6526494026184082,0.0001976751114264616,0.1491874878605207
173,865,0.6923301219940186,0.0001976751114264616,0.1491874878605207
173,870,0.775855541229248,0.00019762761209803927,0.14938843995332718
174,870,0.7196955680847168,0.00019762761209803927,0.14938843995332718
174,875,0.5821928977966309,0.00019757963826274357,0.14950893074274063
175,875,0.6134874820709229,0.00019757963826274357,0.14950893074274063
175,880,0.5765586495399475,0.00019753119015374535,0.14986044665177664
176,880,0.678642749786377,0.00019753119015374535,0.14986044665177664
176,885,0.5637392997741699,0.0001974822680065206,0.15000463111533058
177,885,0.6877744793891907,0.0001974822680065206,0.15000463111533058
177,890,0.6940031051635742,0.00019743287205884938,0.15022824456294379
178,890,0.6837360262870789,0.00019743287205884938,0.15022824456294379
178,895,0.6676840782165527,0.00019738300255081454,0.15041533360878626
179,895,0.5412412881851196,0.00019738300255081454,0.15041533360878626
179,900,0.6158475279808044,0.0001973326597248006,0.15057407402329975
180,900,0.5262418985366821,0.0001973326597248006,0.15057407402329975
180,905,0.6897263526916504,0.00019728184382549263,0.15079365173975626
181,905,0.6442379355430603,0.00019728184382549263,0.15079365173975626
181,910,0.6755737066268921,0.00019723055509987498,0.15088914417558247
182,910,0.6633361577987671,0.00019723055509987498,0.15088914417558247
182,915,0.5489468574523926,0.00019717879379723012,0.15106622129678726
183,915,0.6285618543624878,0.00019717879379723012,0.15106622129678726
183,920,0.6548542380332947,0.00019712656016913744,0.15123278813229668
184,920,0.5922463536262512,0.00019712656016913744,0.15123278813229668
184,925,0.6173529624938965,0.000197073854469472,0.15131625201967028
185,925,0.6890823245048523,0.000197073854469472,0.15131625201967028
185,930,0.6635501384735107,0.00019702067695440332,0.15134687307808134
186,930,0.7304670214653015,0.00019702067695440332,0.15134687307808134
186,935,0.7027944326400757,0.00019696702788239408,0.15136085285080803
187,935,0.718785285949707,0.00019696702788239408,0.15136085285080803
187,940,0.6754862070083618,0.0001969129075141989,0.15159435321887335
188,940,0.5953093767166138,0.0001969129075141989,0.15159435321887335
188,945,0.6588875651359558,0.0001968583161128631,0.1518003468712171
189,945,0.5342912673950195,0.0001968583161128631,0.1518003468712171
189,950,0.678623378276825,0.0001968032539437215,0.15185563266277313
190,950,0.6068474650382996,0.0001968032539437215,0.15185563266277313
190,955,0.7428632974624634,0.0001967477212743968,0.15194103866815567
191,955,0.585628092288971,0.0001967477212743968,0.15194103866815567
191,960,0.696945071220398,0.00019669171837479873,0.15200311773353153
192,960,0.7223877906799316,0.00019669171837479873,0.15200311773353153
192,965,0.5981839895248413,0.00019663524551712236,0.1519865882065561
193,965,0.7246415019035339,0.00019663524551712236,0.1519865882065561
193,970,0.6732783317565918,0.00019657830297584703,0.15216384083032608
194,970,0.5680736303329468,0.00019657830297584703,0.15216384083032608
194,975,0.5762926936149597,0.00019652089102773488,0.15234000898069805
195,975,0.645435094833374,0.00019652089102773488,0.15234000898069805
195,980,0.5662583708763123,0.00019646300995182953,0.15237247943878174
196,980,0.5882107019424438,0.00019646300995182953,0.15237247943878174
196,985,0.6335161328315735,0.00019640466002945477,0.1525355445014106
197,985,0.682725727558136,0.00019640466002945477,0.1525355445014106
197,990,0.634792685508728,0.00019634584154421317,0.1526946226755778
198,990,0.7632357478141785,0.00019634584154421317,0.1526946226755778
198,995,0.6154568791389465,0.0001962865547819846,0.15282973647117615
199,995,0.7686754465103149,0.0001962865547819846,0.15282973647117615
199,1000,0.65468430519104,0.00019622680003092503,0.1529676756925053
200,1000,0.654057502746582,0.00019622680003092503,0.1529676756925053
200,1005,0.6252070665359497,0.00019616657758146503,0.15311135351657867
201,1005,0.6372935175895691,0.00019616657758146503,0.15311135351657867
201,1010,0.5887994766235352,0.0001961058877263083,0.15328795628415215
202,1010,0.589360773563385,0.0001961058877263083,0.15328795628415215
202,1015,0.6397156715393066,0.00019604473076043037,0.15354909913407433
203,1015,0.67717444896698,0.00019604473076043037,0.15354909913407433
203,1020,0.7012410163879395,0.00019598310698107702,0.15358757807148826
204,1020,0.7678500413894653,0.00019598310698107702,0.15358757807148826
204,1025,0.568973183631897,0.00019592101668776298,0.1537350904610422
205,1025,0.6003339886665344,0.00019592101668776298,0.1537350904610422
205,1030,0.6735198497772217,0.00019585846018227044,0.1539803652299775
206,1030,0.7163912653923035,0.00019585846018227044,0.1539803652299775
206,1035,0.6701741218566895,0.0001957954377686475,0.15418950882222918
207,1035,0.7225563526153564,0.0001957954377686475,0.15418950882222918
207,1040,0.564900279045105,0.00019573194975320673,0.1542978212237358
208,1040,0.7165666818618774,0.00019573194975320673,0.1542978212237358
208,1045,0.6212979555130005,0.00019566799644452377,0.15443908009264204
209,1045,0.5894695520401001,0.00019566799644452377,0.15443908009264204
209,1050,0.6741095781326294,0.00019560357815343577,0.15446128282282087
210,1050,0.6594309210777283,0.00019560357815343577,0.15446128282282087
210,1055,0.6375819444656372,0.00019553869519303976,0.15457909968164232
211,1055,0.7534106969833374,0.00019553869519303976,0.15457909968164232
211,1060,0.623060941696167,0.00019547334787869134,0.15473791460196176
212,1060,0.5922886729240417,0.00019547334787869134,0.15473791460196176
212,1065,0.7130063772201538,0.000195407536528003,0.15499494307570988
213,1065,0.7064632177352905,0.000195407536528003,0.15499494307570988
213,1070,0.6530439853668213,0.0001953412614608426,0.1552725053495831
214,1070,0.6991474032402039,0.0001953412614608426,0.1552725053495831
214,1075,0.6591514348983765,0.0001952745229993319,0.15553896211915547
215,1075,0.7661802768707275,0.0001952745229993319,0.15553896211915547
215,1080,0.5708104372024536,0.00019520732146784491,0.1557508466972245
216,1080,0.6229068040847778,0.00019520732146784491,0.1557508466972245
216,1085,0.6866058111190796,0.00019513965719300628,0.1558709459172355
217,1085,0.6946581602096558,0.00019513965719300628,0.1558709459172355
217,1090,0.5854538679122925,0.00019507153050368984,0.15598832650317085
218,1090,0.6568806767463684,0.00019507153050368984,0.15598832650317085
218,1095,0.5688469409942627,0.00019500294173101687,0.15602694617377388
219,1095,0.5408267378807068,0.00019500294173101687,0.15602694617377388
219,1100,0.6557666063308716,0.00019493389120835462,0.15608942757050195
220,1100,0.599380373954773,0.00019493389120835462,0.15608942757050195
220,1105,0.7492836713790894,0.0001948643792713145,0.1562106211980184
221,1105,0.6296097636222839,0.0001948643792713145,0.1562106211980184
221,1110,0.6046817898750305,0.0001947944062577507,0.15646684997611576
222,1110,0.6501895189285278,0.0001947944062577507,0.15646684997611576
222,1115,0.6314527988433838,0.00019472397250775832,0.15661949084864724
223,1115,0.7091854810714722,0.00019472397250775832,0.15661949084864724
223,1120,0.6940068602561951,0.00019465307836367184,0.15682301587528652
224,1120,0.6102091073989868,0.00019465307836367184,0.15682301587528652
224,1125,0.6871501803398132,0.00019458172417006347,0.15696123904652065
225,1125,0.6143254637718201,0.00019458172417006347,0.15696123904652065
225,1130,0.6622889041900635,0.0001945099102737414,0.157133093310727
226,1130,0.6648861765861511,0.0001945099102737414,0.157133093310727
226,1135,0.7847245931625366,0.00019443763702374812,0.1573075676957766
227,1135,0.6975545883178711,0.00019443763702374812,0.1573075676957766
227,1140,0.6168023943901062,0.00019436490477135878,0.15758948193656075
228,1140,0.6265511512756348,0.00019436490477135878,0.15758948193656075
228,1145,0.633931040763855,0.00019429171387007948,0.1578266065981653
229,1145,0.7041242122650146,0.00019429171387007948,0.1578266065981653
229,1150,0.6627788543701172,0.00019421806467564544,0.15805736432472864
230,1150,0.560469388961792,0.00019421806467564544,0.15805736432472864
230,1155,0.630325436592102,0.00019414395754601947,0.15824439211024177
231,1155,0.6902985572814941,0.00019414395754601947,0.15824439211024177
231,1160,0.7186431884765625,0.00019406939284139006,0.15837508108880785
232,1160,0.5986754894256592,0.00019406939284139006,0.15837508108880785
232,1165,0.6758555173873901,0.00019399437092416967,0.15867284850941765
233,1165,0.635555624961853,0.00019399437092416967,0.15867284850941765
233,1170,0.5539951920509338,0.00019391889215899299,0.15872356626722547
234,1170,0.6167206764221191,0.00019391889215899299,0.15872356626722547
234,1175,0.6293627619743347,0.00019384295691271522,0.1588456630706787
235,1175,0.633038341999054,0.00019384295691271522,0.1588456630706787
235,1180,0.6255666613578796,0.00019376656555441014,0.15888532085551155
236,1180,0.5803475379943848,0.00019376656555441014,0.15888532085551155
236,1185,0.706465482711792,0.00019368971845536845,0.1590303439233038
237,1185,0.7186853289604187,0.00019368971845536845,0.1590303439233038
237,1190,0.6390762329101562,0.000193612415989096,0.159127371178733
238,1190,0.6515335440635681,0.000193612415989096,0.159127371178733
238,1195,0.5612896680831909,0.0001935346585313117,0.1592665132549074
239,1195,0.6011638045310974,0.0001935346585313117,0.1592665132549074
239,1200,0.7037081718444824,0.0001934564464599461,0.15953584843211704
240,1200,0.6809347867965698,0.0001934564464599461,0.15953584843211704
240,1205,0.720217227935791,0.00019337778015513922,0.15970365040832096
241,1205,0.7748335003852844,0.00019337778015513922,0.15970365040832096
241,1210,0.5747667551040649,0.00019329865999923883,0.15988221598996055
242,1210,0.591678261756897,0.00019329865999923883,0.15988221598996055
242,1215,0.610558271408081,0.00019321908637679865,0.15997055338488686
243,1215,0.6077021956443787,0.00019321908637679865,0.15997055338488686
243,1220,0.7111369371414185,0.0001931390596745764,0.16021400027804905
244,1220,0.7282075881958008,0.0001931390596745764,0.16021400027804905
244,1225,0.7355495691299438,0.00019305858028153186,0.16037504209412468
245,1225,0.6765137910842896,0.00019305858028153186,0.16037504209412468
245,1230,0.6772011518478394,0.00019297764858882514,0.16062447842624453
246,1230,0.6445526480674744,0.00019297764858882514,0.16062447842624453
246,1235,0.6860336065292358,0.0001928962649898147,0.16081709249152076
247,1235,0.5613552331924438,0.0001928962649898147,0.16081709249152076
247,1240,0.671900749206543,0.00019281442988005538,0.16098952872885597
248,1240,0.6822092533111572,0.00019281442988005538,0.16098952872885597
248,1245,0.5920673608779907,0.00019273214365729655,0.16119378308455148
249,1245,0.6400014162063599,0.00019273214365729655,0.16119378308455148
249,1250,0.676838755607605,0.00019264940672148018,0.16130508482456207
250,1250,0.5684624910354614,0.00019264940672148018,0.16130508482456207
250,1255,0.6263388991355896,0.00019256621947473886,0.1614141505625513
251,1255,0.5756388902664185,0.00019256621947473886,0.1614141505625513
251,1260,0.5874267220497131,0.00019248258232139388,0.16177833576997122
252,1260,0.6565561890602112,0.00019248258232139388,0.16177833576997122
252,1265,0.6280567646026611,0.0001923984956679532,0.16206812196307713
253,1265,0.6338062286376953,0.0001923984956679532,0.16206812196307713
253,1270,0.7255589962005615,0.0001923139599231096,0.16226786623398462
254,1270,0.7401219606399536,0.0001923139599231096,0.16226786623398462
254,1275,0.5503747463226318,0.00019222897549773848,0.1624818816781044
255,1275,0.7015005350112915,0.00019222897549773848,0.1624818816781044
255,1280,0.6062475442886353,0.00019214354280489612,0.16265433530012766
256,1280,0.6848373413085938,0.00019214354280489612,0.16265433530012766
256,1285,0.6834163665771484,0.0001920576622598175,0.16281664868195853
257,1285,0.6778292655944824,0.0001920576622598175,0.16281664868195853
257,1290,0.5459913015365601,0.00019197133427991436,0.16292083263397217
258,1290,0.6348673105239868,0.00019197133427991436,0.16292083263397217
258,1295,0.5901954174041748,0.00019188455928477306,0.16315065075953802
259,1295,0.5779833793640137,0.00019188455928477306,0.16315065075953802
259,1300,0.6348909139633179,0.0001917973376961527,0.16335000014967388
260,1300,0.6491435766220093,0.0001917973376961527,0.16335000014967388
260,1305,0.5941517353057861,0.000191709669937983,0.16345087356037563
261,1305,0.6860208511352539,0.000191709669937983,0.16345087356037563
261,1310,0.5690500736236572,0.00019162155643636218,0.16360569993654886
262,1310,0.6243376731872559,0.00019162155643636218,0.16360569993654886
262,1315,0.5877453684806824,0.00019153299761955495,0.16375580843951967
263,1315,0.5451036691665649,0.00019153299761955495,0.16375580843951967
263,1320,0.568296492099762,0.00019144399391799043,0.16397967520687315
264,1320,0.6035197973251343,0.00019144399391799043,0.16397967520687315
264,1325,0.6496301889419556,0.0001913545457642601,0.16406879325707754
265,1325,0.6177548170089722,0.0001913545457642601,0.16406879325707754
265,1330,0.640924334526062,0.00019126465359311552,0.1642360339562098
266,1330,0.5915353298187256,0.00019126465359311552,0.1642360339562098
266,1335,0.5765892267227173,0.00019117431784146645,0.16437405596176782
267,1335,0.5763343572616577,0.00019117431784146645,0.16437405596176782
267,1340,0.710040271282196,0.00019108353894837861,0.16449699385298622
268,1340,0.6346014738082886,0.00019108353894837861,0.16449699385298622
268,1345,0.5867964625358582,0.00019099231735507147,0.16455640229913923
269,1345,0.5676177740097046,0.00019099231735507147,0.16455640229913923
269,1350,0.6696072816848755,0.00019090065350491626,0.16478615088595283
270,1350,0.6838196516036987,0.00019090065350491626,0.16478615088595283
270,1355,0.5987394452095032,0.00019080854784343375,0.1649135731988483
271,1355,0.6337889432907104,0.00019080854784343375,0.1649135731988483
271,1360,0.5284011363983154,0.00019071600081829203,0.16513750619358486
272,1360,0.6922948360443115,0.00019071600081829203,0.16513750619358486
272,1365,0.6713487505912781,0.00019062301287930446,0.1653027261296908
273,1365,0.5942155122756958,0.00019062301287930446,0.1653027261296908
273,1370,0.5638526678085327,0.00019052958447842732,0.16544380452897814
274,1370,0.5985867381095886,0.00019052958447842732,0.16544380452897814
274,1375,0.6183336973190308,0.00019043571606975777,0.16552039153046078
275,1375,0.5948967337608337,0.00019043571606975777,0.16552039153046078
275,1380,0.6370114684104919,0.0001903414081095315,0.16555018888579476
276,1380,0.5919985175132751,0.0001903414081095315,0.16555018888579476
276,1385,0.6855382323265076,0.00019024666105612066,0.16572066727611753
277,1385,0.5784664154052734,0.00019024666105612066,0.16572066727611753
277,1390,0.5571128129959106,0.00019015147537003148,0.165879272752338
278,1390,0.524573802947998,0.00019015147537003148,0.165879272752338
278,1395,0.6134659051895142,0.00019005585151390223,0.1661389528049363
279,1395,0.6293764114379883,0.00019005585151390223,0.1661389528049363
279,1400,0.5348345637321472,0.0001899597899525007,0.16644438025024202
280,1400,0.6932966709136963,0.0001899597899525007,0.16644438025024202
280,1405,0.6067115068435669,0.00018986329115272223,0.16671354903115165
281,1405,0.6270634531974792,0.00018986329115272223,0.16671354903115165
281,1410,0.6225860714912415,0.00018976635558358722,0.16696770737568536
282,1410,0.6545771360397339,0.00018976635558358722,0.16696770737568536
282,1415,0.6030921936035156,0.00018966898371623896,0.1670980147189564
283,1415,0.6104540824890137,0.00018966898371623896,0.1670980147189564
283,1420,0.627051591873169,0.0001895711760239413,0.16728651523590088
284,1420,0.5325652360916138,0.0001895711760239413,0.16728651523590088
284,1425,0.5700794458389282,0.00018947293298207635,0.1675291152464019
285,1425,0.7002266645431519,0.00018947293298207635,0.1675291152464019
285,1430,0.6860668063163757,0.00018937425506814225,0.16775440176328024
286,1430,0.6470664739608765,0.00018937425506814225,0.16775440176328024
286,1435,0.6197234392166138,0.0001892751427617507,0.1679871165090137
287,1435,0.6547383666038513,0.0001892751427617507,0.1679871165090137
287,1440,0.7592453956604004,0.00018917559654462474,0.16818047646019194
288,1440,0.6477103233337402,0.00018917559654462474,0.16818047646019194
288,1445,0.5508804321289062,0.00018907561690059642,0.16828174475166532
289,1445,0.5964915156364441,0.00018907561690059642,0.16828174475166532
289,1450,0.5859055519104004,0.00018897520431560434,0.16845901807149252
290,1450,0.5958013534545898,0.00018897520431560434,0.16845901807149252
290,1455,0.6296959519386292,0.00018887435927769137,0.1685539128051864
291,1455,0.592853307723999,0.00018887435927769137,0.1685539128051864
291,1460,0.6188563704490662,0.00018877308227700237,0.16879352844423717
292,1460,0.6157971620559692,0.00018877308227700237,0.16879352844423717
292,1465,0.6273590922355652,0.0001886713738057815,0.16899397472540537
293,1465,0.5549508929252625,0.0001886713738057815,0.16899397472540537
293,1470,0.6775674223899841,0.00018856923435837022,0.16906443155474132
294,1470,0.6285053491592407,0.00018856923435837022,0.16906443155474132
294,1475,0.8226978182792664,0.0001884666644312046,0.16913221528132757
295,1475,0.6648649573326111,0.0001884666644312046,0.16913221528132757
295,1480,0.6476988792419434,0.000188363664522813,0.16941244320736992
296,1480,0.5790507197380066,0.000188363664522813,0.16941244320736992
296,1485,0.6297639608383179,0.0001882602351338137,0.16966057982709673
297,1485,0.5890923142433167,0.0001882602351338137,0.16966057982709673
297,1490,0.5977948904037476,0.00018815637676691238,0.1698372463385264
298,1490,0.5424333214759827,0.00018815637676691238,0.1698372463385264
298,1495,0.5478404760360718,0.0001880520899268997,0.17001575728257498
299,1495,0.6009187698364258,0.0001880520899268997,0.17001575728257498
299,1500,0.5965597033500671,0.0001879473751206489,0.17013269580072826
300,1500,0.672527015209198,0.0001879473751206489,0.17013269580072826
300,1505,0.5887777805328369,0.0001878422328571133,0.17044917162921694
301,1505,0.5874320864677429,0.0001878422328571133,0.17044917162921694
301,1510,0.6335636973381042,0.0001877366636473238,0.1707082705365287
302,1510,0.600656270980835,0.0001877366636473238,0.1707082705365287
302,1515,0.5639082789421082,0.00018763066800438636,0.17084002080890867
303,1515,0.5828359127044678,0.00018763066800438636,0.17084002080890867
303,1520,0.5645249485969543,0.0001875242464434797,0.17106082952684826
304,1520,0.6131424307823181,0.0001875242464434797,0.17106082952684826
304,1525,0.5878710150718689,0.00018741739948185257,0.17119956596030128
305,1525,0.6444755792617798,0.00018741739948185257,0.17119956596030128
305,1530,0.542597234249115,0.00018731012763882133,0.1714213341474533
306,1530,0.5967016220092773,0.00018731012763882133,0.1714213341474533
306,1535,0.6011184453964233,0.00018720243143576743,0.1716307583782408
307,1535,0.5506587028503418,0.00018720243143576743,0.1716307583782408
307,1540,0.5574707388877869,0.00018709431139613488,0.17188015083471933
308,1540,0.621727466583252,0.00018709431139613488,0.17188015083471933
308,1545,0.5964846014976501,0.00018698576804542777,0.17199756453434625
309,1545,0.5516735911369324,0.00018698576804542777,0.17199756453434625
309,1550,0.5914806723594666,0.00018687680191120743,0.17217348433203167
310,1550,0.5589350461959839,0.00018687680191120743,0.17217348433203167
310,1555,0.5570410490036011,0.00018676741352309032,0.17233203599850336
311,1555,0.5962116718292236,0.00018676741352309032,0.17233203599850336
311,1560,0.6534591317176819,0.00018665760341274505,0.17242092142502466
312,1560,0.5676488280296326,0.00018665760341274505,0.17242092142502466
312,1565,0.5368300080299377,0.00018654737211389004,0.1725709786017736
313,1565,0.6536576151847839,0.00018654737211389004,0.1725709786017736
313,1570,0.49323445558547974,0.00018643672016229078,0.1727749216887686
314,1570,0.6328750252723694,0.00018643672016229078,0.1727749216887686
314,1575,0.6120405197143555,0.00018632564809575742,0.17294045786062875
315,1575,0.5454562306404114,0.00018632564809575742,0.17294045786062875
315,1580,0.6934094429016113,0.0001862141564541418,0.17300015605158275
316,1580,0.5948742628097534,0.0001862141564541418,0.17300015605158275
316,1585,0.6695539355278015,0.00018610224577933523,0.17317543592717913
317,1585,0.5660573244094849,0.00018610224577933523,0.17317543592717913
317,1590,0.5907626152038574,0.00018598991661526572,0.17342209153705174
318,1590,0.5910428166389465,0.00018598991661526572,0.17342209153705174
318,1595,0.5679201483726501,0.0001858771695078951,0.1735276546743181
319,1595,0.6147817373275757,0.0001858771695078951,0.1735276546743181
319,1600,0.5850580930709839,0.00018576400500521672,0.17373860792981255
320,1600,0.47681504487991333,0.00018576400500521672,0.17373860792981255
320,1605,0.6081477403640747,0.00018565042365725258,0.17392144103844961
321,1605,0.7025017142295837,0.00018565042365725258,0.17392144103844961
321,1610,0.6082611083984375,0.00018553642601605068,0.1741214899553193
322,1610,0.5079644322395325,0.00018553642601605068,0.1741214899553193
322,1615,0.5568060874938965,0.0001854220126356824,0.17431342932913038
323,1615,0.5798296332359314,0.0001854220126356824,0.17431342932913038
323,1620,0.491237998008728,0.00018530718407223977,0.17450570894612205
324,1620,0.6441534757614136,0.00018530718407223977,0.17450570894612205
324,1625,0.6016902327537537,0.00018519194088383273,0.17473543021414015
325,1625,0.5992079377174377,0.00018519194088383273,0.17473543021414015
325,1630,0.6634078621864319,0.00018507628363058647,0.1749294102191925
326,1630,0.4909253716468811,0.00018507628363058647,0.1749294102191925
326,1635,0.5287117958068848,0.0001849602128746387,0.17517939541074964
327,1635,0.5629540681838989,0.0001849602128746387,0.17517939541074964
327,1640,0.6691045761108398,0.0001848437291801369,0.1754004822836982
328,1640,0.6810234785079956,0.0001848437291801369,0.1754004822836982
328,1645,0.545168936252594,0.00018472683311323556,0.17560769700341755
329,1645,0.5733275413513184,0.00018472683311323556,0.17560769700341755
329,1650,0.5532009601593018,0.00018460952524209355,0.17584389862087038
330,1650,0.5981338024139404,0.00018460952524209355,0.17584389862087038
330,1655,0.6281814575195312,0.00018449180613687116,0.1760721281170845
331,1655,0.5342057943344116,0.00018449180613687116,0.1760721281170845
331,1660,0.5970219969749451,0.00018437367636972744,0.17620492478211722
332,1660,0.5350670218467712,0.00018437367636972744,0.17620492478211722
332,1665,0.5584346055984497,0.00018425513651481747,0.17634986258215374
333,1665,0.5785877108573914,0.00018425513651481747,0.17634986258215374
333,1670,0.6100953221321106,0.0001841361871482895,0.1765232425596979
334,1670,0.7411701679229736,0.0001841361871482895,0.1765232425596979
334,1675,0.5976221561431885,0.00018401682884828212,0.17676116194989946
335,1675,0.5886843800544739,0.00018401682884828212,0.17676116194989946
335,1680,0.5650697350502014,0.00018389706219492147,0.1769489058189922
336,1680,0.5513652563095093,0.00018389706219492147,0.1769489058189922
336,1685,0.5830991864204407,0.00018377688777031852,0.17711717718177372
337,1685,0.5769515037536621,0.00018377688777031852,0.17711717718177372
337,1690,0.6334055662155151,0.00018365630615856614,0.1773281908697552
338,1690,0.5198237895965576,0.00018365630615856614,0.1773281908697552
338,1695,0.7003112435340881,0.00018353531794573625,0.17756403072012794
339,1695,0.5281004309654236,0.00018353531794573625,0.17756403072012794
339,1700,0.6735961437225342,0.000183413923719877,0.17783967322773403
340,1700,0.6451444625854492,0.000183413923719877,0.17783967322773403
340,1705,0.6198372840881348,0.00018329212407100994,0.17807941883802414
341,1705,0.6077668070793152,0.00018329212407100994,0.17807941883802414
341,1710,0.5706146955490112,0.00018316991959112716,0.17832511911789575
342,1710,0.5871748924255371,0.00018316991959112716,0.17832511911789575
342,1715,0.6734049320220947,0.00018304731087418833,0.17849833104345533
343,1715,0.5433031916618347,0.00018304731087418833,0.17849833104345533
343,1720,0.6959902048110962,0.00018292429851611786,0.1788873780104849
344,1720,0.5737898945808411,0.00018292429851611786,0.1788873780104849
344,1725,0.5758116841316223,0.00018280088311480201,0.17892315652635363
345,1725,0.5465378761291504,0.00018280088311480201,0.17892315652635363
345,1730,0.651037871837616,0.00018267706527008603,0.17908627539873123
346,1730,0.625662088394165,0.00018267706527008603,0.17908627539873123
346,1735,0.5678679943084717,0.00018255284558377116,0.17938386483324897
347,1735,0.5252273678779602,0.00018255284558377116,0.17938386483324897
347,1740,0.6340201497077942,0.00018242822465961176,0.17964614099926418
348,1740,0.6027354001998901,0.00018242822465961176,0.17964614099926418
348,1745,0.6025333404541016,0.00018230320310331228,0.17988235337866676
349,1745,0.4901747703552246,0.00018230320310331228,0.17988235337866676
349,1750,0.6524256467819214,0.0001821777815225245,0.18007559329271317
350,1750,0.6026135087013245,0.0001821777815225245,0.18007559329271317
350,1755,0.5230379104614258,0.00018205196052684447,0.18031286862161425
351,1755,0.6235708594322205,0.00018205196052684447,0.18031286862161425
351,1760,0.6714786887168884,0.0001819257407278094,0.1805897139840656
352,1760,0.4991089701652527,0.0001819257407278094,0.1805897139840656
352,1765,0.6290488839149475,0.00018179912273889501,0.18075346367226708
353,1765,0.5795660018920898,0.00018179912273889501,0.18075346367226708
353,1770,0.5593625903129578,0.00018167210717551224,0.1809247906009356
354,1770,0.6121220588684082,0.00018167210717551224,0.1809247906009356
354,1775,0.5485113859176636,0.00018154469465500448,0.1810651429825359
355,1775,0.5883932709693909,0.00018154469465500448,0.1810651429825359
355,1780,0.5602368712425232,0.00018141688579664445,0.18117964019378027
356,1780,0.616124153137207,0.00018141688579664445,0.18117964019378027
356,1785,0.6401964426040649,0.0001812886812216312,0.18132256302568647
357,1785,0.5719345211982727,0.0001812886812216312,0.18132256302568647
357,1790,0.5218400955200195,0.00018116008155308718,0.18158153858449724
358,1790,0.5839649438858032,0.00018116008155308718,0.18158153858449724
358,1795,0.54901123046875,0.000181031087416055,0.18183325644996431
359,1795,0.6846358776092529,0.000181031087416055,0.18183325644996431
359,1800,0.652523398399353,0.00018090169943749476,0.1821234640147951
360,1800,0.6265696883201599,0.00018090169943749476,0.1821234640147951
360,1805,0.5863144397735596,0.00018077191824628053,0.1824137419462204
361,1805,0.6736699342727661,0.00018077191824628053,0.1824137419462204
361,1810,0.5592390298843384,0.0001806417444731977,0.18257304860485923
362,1810,0.5533396601676941,0.0001806417444731977,0.18257304860485923
362,1815,0.5177791714668274,0.00018051117875093976,0.18273688935571247
363,1815,0.578048586845398,0.00018051117875093976,0.18273688935571247
363,1820,0.6181814670562744,0.00018038022171410506,0.1828936603334215
364,1820,0.6194317936897278,0.00018038022171410506,0.1828936603334215
364,1825,0.6039577722549438,0.0001802488739991941,0.18309752974245283
365,1825,0.5742393732070923,0.0001802488739991941,0.18309752974245283
365,1830,0.5585513114929199,0.00018011713624460608,0.1832988750603464
366,1830,0.5507557392120361,0.00018011713624460608,0.1832988750603464
366,1835,0.5671548843383789,0.00017998500909063603,0.18353240357504952
367,1835,0.6383853554725647,0.00017998500909063603,0.18353240357504952
367,1840,0.5922855138778687,0.00017985249317947148,0.1837851165069474
368,1840,0.6408178806304932,0.00017985249317947148,0.1837851165069474
368,1845,0.5865880250930786,0.0001797195891551896,0.18397980514499876
369,1845,0.6523460149765015,0.0001797195891551896,0.18397980514499876
369,1850,0.5278716087341309,0.00017958629766375386,0.1843082441223992
370,1850,0.6262847781181335,0.00017958629766375386,0.1843082441223992
370,1855,0.5884405374526978,0.00017945261935301096,0.1844686029685868
371,1855,0.4947347044944763,0.00017945261935301096,0.1844686029685868
371,1860,0.5804431438446045,0.00017931855487268782,0.18452633834547466
372,1860,0.5268611311912537,0.00017931855487268782,0.18452633834547466
372,1865,0.6011496782302856,0.00017918410487438805,0.184768698281712
373,1865,0.6172984838485718,0.00017918410487438805,0.184768698281712
373,1870,0.6071479320526123,0.0001790492700115892,0.18507852239741218
374,1870,0.5214054584503174,0.0001790492700115892,0.18507852239741218
374,1875,0.6634807586669922,0.00017891405093963938,0.18524517863988876
375,1875,0.6017067432403564,0.00017891405093963938,0.18524517863988876
375,1880,0.5210580825805664,0.00017877844831575406,0.18548039264149135
376,1880,0.5790745615959167,0.00017877844831575406,0.18548039264149135
376,1885,0.570332944393158,0.00017864246279901297,0.18563113941086662
377,1885,0.5905009508132935,0.00017864246279901297,0.18563113941086662
377,1890,0.5778096914291382,0.0001785060950503568,0.18580882334046894
378,1890,0.5441790819168091,0.0001785060950503568,0.18580882334046894
378,1895,0.5329494476318359,0.000178369345732584,0.18608471088939244
379,1895,0.6025388836860657,0.000178369345732584,0.18608471088939244
379,1900,0.641828179359436,0.00017823221551034764,0.18629346125655705
380,1900,0.5929129719734192,0.00017823221551034764,0.18629346125655705
380,1905,0.6275278925895691,0.0001780947050501522,0.18651820636457866
381,1905,0.5942457914352417,0.0001780947050501522,0.18651820636457866
381,1910,0.5971856117248535,0.00017795681502035012,0.1867095778385798
382,1910,0.5840988159179688,0.00017795681502035012,0.1867095778385798
382,1915,0.45551547408103943,0.0001778185460911387,0.18698715501361424
383,1915,0.541401743888855,0.0001778185460911387,0.18698715501361424
383,1920,0.6082878112792969,0.00017767989893455698,0.18731369492080477
384,1920,0.5685126185417175,0.00017767989893455698,0.18731369492080477
384,1925,0.5495496988296509,0.00017754087422448215,0.1875759694311354
385,1925,0.6951918005943298,0.00017754087422448215,0.1875759694311354
385,1930,0.5647540092468262,0.0001774014726366266,0.18774079779783884
386,1930,0.5601688623428345,0.0001774014726366266,0.18774079779783884
386,1935,0.5913064479827881,0.00017726169484853438,0.18802724364731047
387,1935,0.5058470368385315,0.00017726169484853438,0.18802724364731047
387,1940,0.5803642272949219,0.00017712154153957805,0.18826056437359917
388,1940,0.5282696485519409,0.00017712154153957805,0.18826056437359917
388,1945,0.6158275604248047,0.00017698101339095536,0.1885590801636378
389,1945,0.523310661315918,0.00017698101339095536,0.1885590801636378
389,1950,0.5552986860275269,0.00017684011108568592,0.18878296265999475
390,1950,0.6174231171607971,0.00017684011108568592,0.18878296265999475
390,1955,0.6007260084152222,0.00017669883530860783,0.1889535453584459
391,1955,0.4616362452507019,0.00017669883530860783,0.1889535453584459
391,1960,0.5717015266418457,0.0001765571867463745,0.1891544701324569
392,1960,0.5497708320617676,0.0001765571867463745,0.1891544701324569
392,1965,0.5362483263015747,0.00017641516608745114,0.18931907249821556
393,1965,0.562811553478241,0.00017641516608745114,0.18931907249821556
393,1970,0.524585485458374,0.00017627277402211146,0.18946141501267752
394,1970,0.5623980760574341,0.00017627277402211146,0.18946141501267752
394,1975,0.6036393642425537,0.00017613001124243446,0.18975428491830826
395,1975,0.5600582361221313,0.00017613001124243446,0.18975428491830826
395,1980,0.6021212339401245,0.00017598687844230088,0.19001020905044344
396,1980,0.5847699642181396,0.00017598687844230088,0.19001020905044344
396,1985,0.5318911075592041,0.00017584337631738986,0.19032324933343464
397,1985,0.5863465070724487,0.00017584337631738986,0.19032324933343464
397,1990,0.6034138202667236,0.00017569950556517566,0.19055230749977958
398,1990,0.48932307958602905,0.00017569950556517566,0.19055230749977958
398,1995,0.6058406829833984,0.00017555526688492422,0.1907328541080157
399,1995,0.5667887926101685,0.00017555526688492422,0.1907328541080157
399,2000,0.5390985012054443,0.00017541066097768963,0.19092687550518248
400,2000,0.5735945105552673,0.00017541066097768963,0.19092687550518248
400,2005,0.47232958674430847,0.00017526568854631103,0.19125135160154766
401,2005,0.5652044415473938,0.00017526568854631103,0.19125135160154766
401,2010,0.5760267972946167,0.00017512035029540885,0.19142563972208235
402,2010,0.5933032631874084,0.00017512035029540885,0.19142563972208235
402,2015,0.577970027923584,0.0001749746469313816,0.19170722944868934
403,2015,0.5336823463439941,0.0001749746469313816,0.19170722944868934
403,2020,0.5243615508079529,0.00017482857916240236,0.19199575814935896
404,2020,0.5535775423049927,0.00017482857916240236,0.19199575814935896
404,2025,0.5949293971061707,0.0001746821476984154,0.19218551450305515
405,2025,0.6130938529968262,0.0001746821476984154,0.19218551450305515
405,2030,0.5492430925369263,0.0001745353532511326,0.19243787394629586
406,2030,0.6261929869651794,0.0001745353532511326,0.19243787394629586
406,2035,0.5764819383621216,0.00017438819653403016,0.1926545144783126
407,2035,0.5437973737716675,0.00017438819653403016,0.1926545144783126
407,2040,0.5475984215736389,0.000174240678262345,0.19288041359848446
408,2040,0.5159833431243896,0.000174240678262345,0.19288041359848446
408,2045,0.6238939762115479,0.00017409279915307134,0.1931061546007792
409,2045,0.5915178060531616,0.00017409279915307134,0.1931061546007792
409,2050,0.46798455715179443,0.00017394455992495722,0.19334683981206682
410,2050,0.5962857007980347,0.00017394455992495722,0.19334683981206682
410,2055,0.5720158815383911,0.00017379596129850098,0.1935919059647454
411,2055,0.6281729936599731,0.00017379596129850098,0.1935919059647454
411,2060,0.5725821852684021,0.00017364700399594778,0.19378874202569327
412,2060,0.5216768383979797,0.00017364700399594778,0.19378874202569327
412,2065,0.49913424253463745,0.00017349768874128603,0.193968223200904
413,2065,0.5826370120048523,0.00017349768874128603,0.193968223200904
413,2070,0.5298976302146912,0.000173348016260244,0.1942194344268905
414,2070,0.5721362233161926,0.000173348016260244,0.1942194344268905
414,2075,0.5435814261436462,0.00017319798728028619,0.19446061303218207
415,2075,0.574963390827179,0.00017319798728028619,0.19446061303218207
415,2080,0.49823683500289917,0.00017304760253060975,0.19469345692131254
416,2080,0.484657347202301,0.00017304760253060975,0.19469345692131254
416,2085,0.6129005551338196,0.00017289686274214118,0.19498514218462837
417,2085,0.49339354038238525,0.00017289686274214118,0.19498514218462837
417,2090,0.5190681219100952,0.00017274576864753237,0.19522767513990402
418,2090,0.480398029088974,0.00017274576864753237,0.19522767513990402
418,2095,0.5321395993232727,0.00017259432098115743,0.19540506766902077
419,2095,0.5337563157081604,0.00017259432098115743,0.19540506766902077
419,2100,0.4564119279384613,0.00017244252047910892,0.19566215740309822
420,2100,0.5576615333557129,0.00017244252047910892,0.19566215740309822
420,2105,0.5564801096916199,0.00017229036787919428,0.195881896548801
421,2105,0.5905360579490662,0.00017229036787919428,0.195881896548801
421,2110,0.5485260486602783,0.00017213786392093237,0.19621802949243122
422,2110,0.5538144111633301,0.00017213786392093237,0.19621802949243122
422,2115,0.5083469748497009,0.00017198500934554966,0.19645340906249154
423,2115,0.6113618016242981,0.00017198500934554966,0.19645340906249154
423,2120,0.4976854920387268,0.00017183180489597688,0.1965624930130111
424,2120,0.46165555715560913,0.00017183180489597688,0.1965624930130111
424,2125,0.4941864013671875,0.00017167825131684513,0.19675878021452162
425,2125,0.43055665493011475,0.00017167825131684513,0.19675878021452162
425,2130,0.533774733543396,0.00017152434935448256,0.1971544118391143
426,2130,0.5570241212844849,0.00017152434935448256,0.1971544118391143
426,2135,0.523345410823822,0.0001713700997569105,0.19737643003463745
427,2135,0.6124185919761658,0.0001713700997569105,0.19737643003463745
427,2140,0.49956387281417847,0.00017121550327383998,0.19759106387694678
428,2140,0.5180379152297974,0.00017121550327383998,0.19759106387694678
428,2145,0.51060950756073,0.00017106056065666793,0.19784069640768898
429,2145,0.5398853421211243,0.00017106056065666793,0.19784069640768898
429,2150,0.4942152500152588,0.00017090527265847377,0.19803861445850796
430,2150,0.6519376039505005,0.00017090527265847377,0.19803861445850796
430,2155,0.5557758212089539,0.00017074964003401538,0.19831207394599915
431,2155,0.5081760883331299,0.00017074964003401538,0.19831207394599915
431,2160,0.49959123134613037,0.0001705936635397259,0.19861851135889688
432,2160,0.5514642596244812,0.0001705936635397259,0.19861851135889688
432,2165,0.5512612462043762,0.00017043734393370965,0.1988775556286176
433,2165,0.4781665802001953,0.00017043734393370965,0.1988775556286176
433,2170,0.6127287149429321,0.00017028068197573863,0.1991388069258796
434,2170,0.5487660765647888,0.00017028068197573863,0.1991388069258796
434,2175,0.5706298351287842,0.00017012367842724887,0.19944350007507536
435,2175,0.5639744997024536,0.00017012367842724887,0.19944350007507536
435,2180,0.5354527235031128,0.00016996633405133655,0.19966994805468452
436,2180,0.5168619155883789,0.00016996633405133655,0.19966994805468452
436,2185,0.5503407716751099,0.00016980864961275446,0.1999790229731136
437,2185,0.603438138961792,0.00016980864961275446,0.1999790229731136
437,2190,0.5870858430862427,0.0001696506258779082,0.20019869092437956
438,2190,0.5565430521965027,0.0001696506258779082,0.20019869092437956
438,2195,0.495378702878952,0.00016949226361485256,0.20038319627443948
439,2195,0.6290879249572754,0.00016949226361485256,0.20038319627443948
439,2200,0.578557014465332,0.00016933356359328757,0.20058508962392807
440,2200,0.5046610832214355,0.00016933356359328757,0.20058508962392807
440,2205,0.5477270483970642,0.00016917452658455492,0.20080290569199455
441,2205,0.4915107190608978,0.00016917452658455492,0.20080290569199455
441,2210,0.5910084247589111,0.00016901515336163433,0.20111076616578633
442,2210,0.5262268781661987,0.00016901515336163433,0.20111076616578633
442,2215,0.4732898473739624,0.00016885544469913945,0.20134714742501578
443,2215,0.5832037925720215,0.00016885544469913945,0.20134714742501578
443,2220,0.46269315481185913,0.00016869540137331445,0.20157033287816578
444,2220,0.5110347270965576,0.00016869540137331445,0.20157033287816578
444,2225,0.5383026003837585,0.00016853502416203,0.20191246105564964
445,2225,0.5287898182868958,0.00016853502416203,0.20191246105564964
445,2230,0.5690035820007324,0.00016837431384477956,0.20222702787982094
446,2230,0.5667104125022888,0.00016837431384477956,0.20222702787982094
446,2235,0.4625968933105469,0.00016821327120267567,0.2024086606171396
447,2235,0.5385968089103699,0.00016821327120267567,0.2024086606171396
447,2240,0.5449647307395935,0.0001680518970184461,0.20254608492056528
448,2240,0.5699293613433838,0.0001680518970184461,0.20254608492056528
448,2245,0.45079541206359863,0.00016789019207642998,0.20280705723497602
449,2245,0.5543783903121948,0.00016789019207642998,0.20280705723497602
449,2250,0.5215862989425659,0.00016772815716257412,0.20315358291069666
450,2250,0.5399073362350464,0.00016772815716257412,0.20315358291069666
450,2255,0.6335959434509277,0.00016756579306442904,0.20349950757291582
451,2255,0.5533833503723145,0.00016756579306442904,0.20349950757291582
451,2260,0.5519885420799255,0.00016740310057114527,0.20377803097168604
452,2260,0.5331275463104248,0.00016740310057114527,0.20377803097168604
452,2265,0.4819866120815277,0.00016724008047346947,0.20403962913486692
453,2265,0.5672987699508667,0.00016724008047346947,0.20403962913486692
453,2270,0.46554994583129883,0.00016707673356374054,0.2041912857029173
454,2270,0.46228235960006714,0.00016707673356374054,0.2041912857029173
454,2275,0.45677298307418823,0.00016691306063588583,0.2044287928276592
455,2275,0.5378090739250183,0.00016691306063588583,0.2044287928276592
455,2280,0.5420432090759277,0.00016674906248541726,0.20473064647780526
456,2280,0.49883049726486206,0.00016674906248541726,0.20473064647780526
456,2285,0.4687954783439636,0.00016658473990942746,0.20499511725372738
457,2285,0.4972012937068939,0.00016658473990942746,0.20499511725372738
457,2290,0.5394944548606873,0.00016642009370658592,0.20530114157332313
458,2290,0.5706996917724609,0.00016642009370658592,0.20530114157332313
458,2295,0.5200604200363159,0.000166255124677135,0.20550813443130916
459,2295,0.5057846903800964,0.000166255124677135,0.20550813443130916
459,2300,0.41919374465942383,0.00016608983362288612,0.20579034172826344
460,2300,0.5382683277130127,0.00016608983362288612,0.20579034172826344
460,2305,0.5096772909164429,0.000165924221347216,0.2060418203473091
461,2305,0.5130131244659424,0.000165924221347216,0.2060418203473091
461,2310,0.5632339119911194,0.00016575828865506245,0.20628459337684843
462,2310,0.48085641860961914,0.00016575828865506245,0.20628459337684843
462,2315,0.46488580107688904,0.00016559203635292075,0.20651579648256302
463,2315,0.5052077770233154,0.00016559203635292075,0.20651579648256302
463,2320,0.445138543844223,0.0001654254652488395,0.20673603730069268
464,2320,0.5104275941848755,0.0001654254652488395,0.20673603730069268
464,2325,0.5690664052963257,0.00016525857615241687,0.20691509048144022
465,2325,0.3915565609931946,0.00016525857615241687,0.20691509048144022
465,2330,0.5589919686317444,0.00016509136987479656,0.20707176708512837
466,2330,0.5162848234176636,0.00016509136987479656,0.20707176708512837
466,2335,0.4276224374771118,0.0001649238472286639,0.2073772591021326
467,2335,0.48236319422721863,0.0001649238472286639,0.2073772591021326
467,2340,0.4204184412956238,0.0001647560090282419,0.20761075615882874
468,2340,0.5685437917709351,0.0001647560090282419,0.20761075615882874
468,2345,0.5660971999168396,0.00016458785608928724,0.20781128108501434
469,2345,0.5167176127433777,0.00016458785608928724,0.20781128108501434
469,2350,0.5866367220878601,0.00016441938922908645,0.20817980418602625
470,2350,0.548098087310791,0.00016441938922908645,0.20817980418602625
470,2355,0.49627062678337097,0.00016425060926645167,0.20843862990538278
471,2355,0.546266496181488,0.00016425060926645167,0.20843862990538278
471,2360,0.49308186769485474,0.00016408151702171697,0.20864375846253502
472,2360,0.5834110975265503,0.00016408151702171697,0.20864375846253502
472,2365,0.6090213060379028,0.0001639121133167342,0.20893425825569364
473,2365,0.5062222480773926,0.0001639121133167342,0.20893425825569364
473,2370,0.5555471777915955,0.000163742398974869,0.20920330286026
474,2370,0.618694007396698,0.000163742398974869,0.20920330286026
474,2375,0.5971074104309082,0.00016357237482099684,0.2093774817056126
475,2375,0.6180200576782227,0.00016357237482099684,0.2093774817056126
475,2380,0.500525951385498,0.00016340204168149893,0.20956503599882126
476,2380,0.4636455178260803,0.00016340204168149893,0.20956503599882126
476,2385,0.5588928461074829,0.00016323140038425842,0.2097529942790667
477,2385,0.5244520902633667,0.00016323140038425842,0.2097529942790667
477,2390,0.49680981040000916,0.00016306045175865606,0.2099773668580585
478,2390,0.5526957511901855,0.00016306045175865606,0.2099773668580585
478,2395,0.4897697865962982,0.0001628891966355664,0.21016705532868704
479,2395,0.5345134139060974,0.0001628891966355664,0.21016705532868704
479,2400,0.5373045206069946,0.0001627176358473537,0.21041676650444666
480,2400,0.5625283122062683,0.0001627176358473537,0.21041676650444666
480,2405,0.5151756405830383,0.00016254577022786784,0.2106419743763076
481,2405,0.6221517324447632,0.00016254577022786784,0.2106419743763076
481,2410,0.47556477785110474,0.0001623736006124403,0.21089275015725029
482,2410,0.49947452545166016,0.0001623736006124403,0.21089275015725029
482,2415,0.49037450551986694,0.0001622011278378801,0.211173914372921
483,2415,0.5171149969100952,0.0001622011278378801,0.211173914372921
483,2420,0.5168535113334656,0.0001620283527424697,0.21141455984777874
484,2420,0.5265171527862549,0.0001620283527424697,0.21141455984777874
484,2425,0.5086249709129333,0.00016185527616596095,0.21175474094019997
485,2425,0.4904495179653168,0.00016185527616596095,0.21175474094019997
485,2430,0.49482059478759766,0.0001616818989495711,0.21199268764919704
486,2430,0.48558807373046875,0.0001616818989495711,0.21199268764919704
486,2435,0.5192960500717163,0.00016150822193597856,0.21222908049821854
487,2435,0.41444844007492065,0.00016150822193597856,0.21222908049821854
487,2440,0.5470976233482361,0.0001613342459693188,0.21246064288748634
488,2440,0.435406893491745,0.0001613342459693188,0.21246064288748634
488,2445,0.4955615997314453,0.00016115997189518043,0.21274179882473415
489,2445,0.49058467149734497,0.00016115997189518043,0.21274179882473415
489,2450,0.5670465230941772,0.00016098540056060093,0.2130102233754264
490,2450,0.47693538665771484,0.00016098540056060093,0.2130102233754264
490,2455,0.44727516174316406,0.00016081053281406256,0.21327853865093654
491,2455,0.5395245552062988,0.00016081053281406256,0.21327853865093654
491,2460,0.45795249938964844,0.00016063536950548826,0.21351011428568098
492,2460,0.5159613490104675,0.00016063536950548826,0.21351011428568098
492,2465,0.6110928058624268,0.0001604599114862375,0.21371922973129484
493,2465,0.4936597943305969,0.0001604599114862375,0.21371922973129484
493,2470,0.5129756927490234,0.0001602841596091022,0.21396942685047785
494,2470,0.4820147156715393,0.0001602841596091022,0.21396942685047785
494,2475,0.4848632216453552,0.00016010811472830252,0.21410370535320705
495,2475,0.5390462875366211,0.00016010811472830252,0.21410370535320705
495,2480,0.5303466320037842,0.0001599317776994827,0.2142935511138704
496,2480,0.4160619378089905,0.0001599317776994827,0.2142935511138704
496,2485,0.5936192274093628,0.00015975514937970696,0.21458678278658125
497,2485,0.5296207666397095,0.00015975514937970696,0.21458678278658125
497,2490,0.4302385449409485,0.0001595782306274553,0.21478630933496687
498,2490,0.5953873991966248,0.0001595782306274553,0.21478630933496687
498,2495,0.4494304656982422,0.00015940102230261932,0.21503224389420617
499,2495,0.49646633863449097,0.00015940102230261932,0.21503224389420617
499,2500,0.4900484085083008,0.00015922352526649803,0.215307102435165
500,2500,0.5856710076332092,0.00015922352526649803,0.215307102435165
500,2505,0.4641779363155365,0.0001590457403817937,0.21549409296777514
501,2505,0.5141883492469788,0.0001590457403817937,0.21549409296777514
501,2510,0.43436574935913086,0.00015886766851260775,0.21566449602444968
502,2510,0.5448698997497559,0.00015886766851260775,0.21566449602444968
502,2515,0.5023493766784668,0.0001586893105244363,0.21591154485940933
503,2515,0.5090240836143494,0.0001586893105244363,0.21591154485940933
503,2520,0.4710662364959717,0.00015851066728416618,0.21622693455881542
504,2520,0.46665284037590027,0.00015851066728416618,0.21622693455881542
504,2525,0.44587939977645874,0.00015833173966007066,0.21647821366786957
505,2525,0.4791974425315857,0.00015833173966007066,0.21647821366786957
505,2530,0.43018078804016113,0.00015815252852180523,0.21668355580833223
506,2530,0.44250962138175964,0.00015815252852180523,0.21668355580833223
506,2535,0.5395205616950989,0.00015797303474040332,0.21690679672691557
507,2535,0.4732573628425598,0.00015797303474040332,0.21690679672691557
507,2540,0.5373000502586365,0.0001577932591882722,0.21712280147605473
508,2540,0.5366994738578796,0.0001577932591882722,0.21712280147605473
508,2545,0.4832495152950287,0.00015761320273918855,0.21734802342123455
509,2545,0.4211220145225525,0.00015761320273918855,0.21734802342123455
509,2550,0.46043503284454346,0.00015743286626829437,0.21756827500131395
510,2550,0.4565260112285614,0.00015743286626829437,0.21756827500131395
510,2555,0.4591693878173828,0.00015725225065209265,0.21777931021319497
511,2555,0.4208742082118988,0.00015725225065209265,0.21777931021319497
511,2560,0.4565359950065613,0.0001570713567684432,0.2179839155740208
512,2560,0.6388534307479858,0.0001570713567684432,0.2179839155740208
512,2565,0.4730929136276245,0.00015689018549655813,0.2182420955763923
513,2565,0.48093658685684204,0.00015689018549655813,0.2182420955763923
513,2570,0.5018354058265686,0.00015670873771699804,0.21855832636356354
514,2570,0.4487801492214203,0.00015670873771699804,0.21855832636356354
514,2575,0.4934556484222412,0.0001565270143116672,0.21875210023588604
515,2575,0.4673239588737488,0.0001565270143116672,0.21875210023588604
515,2580,0.53971928358078,0.00015634501616380967,0.21897395120726693
516,2580,0.4980708956718445,0.00015634501616380967,0.21897395120726693
516,2585,0.5676000118255615,0.00015616274415800483,0.21921905130147934
517,2585,0.49755430221557617,0.00015616274415800483,0.21921905130147934
517,2590,0.41091784834861755,0.0001559801991801631,0.21951385090748468
518,2590,0.4601496160030365,0.0001559801991801631,0.21951385090748468
518,2595,0.5595676898956299,0.00015579738211752165,0.21968836502896416
519,2595,0.5132421255111694,0.00015579738211752165,0.21968836502896416
519,2600,0.44946950674057007,0.00015561429385864005,0.219922360446718
520,2600,0.4280705451965332,0.00015561429385864005,0.219922360446718
520,2605,0.4854973256587982,0.00015543093529339614,0.2201580380400022
521,2605,0.41798973083496094,0.00015543093529339614,0.2201580380400022
521,2610,0.5191314220428467,0.00015524730731298134,0.2204112551278538
522,2610,0.46538376808166504,0.00015524730731298134,0.2204112551278538
522,2615,0.3810378313064575,0.00015506341080989664,0.22062874171468946
523,2615,0.6237414479255676,0.00015506341080989664,0.22062874171468946
523,2620,0.49391233921051025,0.0001548792466779481,0.22073984146118164
524,2620,0.412461519241333,0.0001548792466779481,0.22073984146118164
524,2625,0.4990212917327881,0.0001546948158122427,0.22092768715487587
525,2625,0.47076961398124695,0.0001546948158122427,0.22092768715487587
525,2630,0.4721474349498749,0.00015451011910918365,0.2211260423064232
526,2630,0.426675021648407,0.00015451011910918365,0.2211260423064232
526,2635,0.41722092032432556,0.00015432515746646632,0.22137168794870377
527,2635,0.46905025839805603,0.00015432515746646632,0.22137168794870377
527,2640,0.4946073889732361,0.0001541399317830738,0.22158604198031956
528,2640,0.5026094317436218,0.0001541399317830738,0.22158604198031956
528,2645,0.4410962462425232,0.00015395444295927252,0.2218030658033159
529,2645,0.4660736918449402,0.00015395444295927252,0.2218030658033159
529,2650,0.44658806920051575,0.00015376869189660783,0.22208253956503338
530,2650,0.44038352370262146,0.00015376869189660783,0.22208253956503338
530,2655,0.44200360774993896,0.00015358267949789966,0.2222930540641149
531,2655,0.4649432599544525,0.00015358267949789966,0.2222930540641149
531,2660,0.43969982862472534,0.0001533964066672382,0.22248761687013838
532,2660,0.5319768190383911,0.0001533964066672382,0.22248761687013838
532,2665,0.5499991774559021,0.00015320987430997939,0.22275254047579235
533,2665,0.47221702337265015,0.00015320987430997939,0.22275254047579235
533,2670,0.42412111163139343,0.0001530230833327405,0.22295571201377445
534,2670,0.5608909130096436,0.0001530230833327405,0.22295571201377445
534,2675,0.5072908997535706,0.0001528360346433959,0.22318073527680504
535,2675,0.47943824529647827,0.0001528360346433959,0.22318073527680504
535,2680,0.5262657403945923,0.0001526487291510725,0.22344766391648185
536,2680,0.44297999143600464,0.0001526487291510725,0.22344766391648185
536,2685,0.49050742387771606,0.00015246116776614538,0.2236379368437661
537,2685,0.4107304513454437,0.00015246116776614538,0.2236379368437661
537,2690,0.4977077841758728,0.00015227335140023326,0.22384869224495357
538,2690,0.4275840222835541,0.00015227335140023326,0.22384869224495357
538,2695,0.5709753632545471,0.00015208528096619434,0.2240746377242936
539,2695,0.5914672613143921,0.00015208528096619434,0.2240746377242936
539,2700,0.4420553743839264,0.00015189695737812152,0.22423090620173347
540,2700,0.4423632025718689,0.00015189695737812152,0.22423090620173347
540,2705,0.49484342336654663,0.00015170838155133823,0.22450147569179535
541,2705,0.4549601674079895,0.00015170838155133823,0.22450147569179535
541,2710,0.5068567395210266,0.0001515195544023938,0.224754156337844
542,2710,0.42442578077316284,0.0001515195544023938,0.224754156337844
542,2715,0.407841295003891,0.00015133047684905916,0.22496668497721353
543,2715,0.50748610496521,0.00015133047684905916,0.22496668497721353
543,2720,0.4609987735748291,0.0001511411498103222,0.2252637967467308
544,2720,0.434783399105072,0.0001511411498103222,0.2252637967467308
544,2725,0.5278860926628113,0.00015095157420638348,0.22548513776726192
545,2725,0.40049681067466736,0.00015095157420638348,0.22548513776726192
545,2730,0.5436887145042419,0.0001507617509586517,0.2257130675845676
546,2730,0.500165581703186,0.0001507617509586517,0.2257130675845676
546,2735,0.4553922116756439,0.0001505716809897391,0.22591852810647753
547,2735,0.41145727038383484,0.0001505716809897391,0.22591852810647753
547,2740,0.45085281133651733,0.00015038136522345719,0.22611740893787807
548,2740,0.5179910063743591,0.00015038136522345719,0.22611740893787807
548,2745,0.4757051467895508,0.00015019080458481202,0.22638291782803005
549,2745,0.4989100396633148,0.00015019080458481202,0.22638291782803005
549,2750,0.43536704778671265,0.00015000000000000001,0.22658290631241268
550,2750,0.4422001540660858,0.00015000000000000001,0.22658290631241268
550,2755,0.4417826533317566,0.00014980895239640303,0.2267163180642658
551,2755,0.4482390582561493,0.00014980895239640303,0.2267163180642658
551,2760,0.447257399559021,0.00014961766270258422,0.22692765129937065
552,2760,0.5553924441337585,0.00014961766270258422,0.22692765129937065
552,2765,0.4346160590648651,0.00014942613184828335,0.22709648725059298
553,2765,0.4542078375816345,0.00014942613184828335,0.22709648725059298
553,2770,0.5065035223960876,0.00014923436076441242,0.22728425761063895
554,2770,0.46101683378219604,0.00014923436076441242,0.22728425761063895
554,2775,0.43357786536216736,0.00014904235038305083,0.22747852404912314
555,2775,0.46906542778015137,0.00014904235038305083,0.22747852404912314
555,2780,0.44258856773376465,0.0001488501016374412,0.2277082825700442
556,2780,0.4532240331172943,0.0001488501016374412,0.2277082825700442
556,2785,0.46927791833877563,0.00014865761546198474,0.22794097744756275
557,2785,0.4776316285133362,0.00014865761546198474,0.22794097744756275
557,2790,0.3854209780693054,0.00014846489279223652,0.22816753884156546
558,2790,0.5056257843971252,0.00014846489279223652,0.22816753884156546
558,2795,0.4277620017528534,0.00014827193456490108,0.22834039479494095
559,2795,0.4757755696773529,0.00014827193456490108,0.22834039479494095
559,2800,0.531811535358429,0.00014807874171782795,0.2285291933351093
560,2800,0.41380804777145386,0.00014807874171782795,0.2285291933351093
560,2805,0.4944482743740082,0.00014788531519000696,0.22872686634461084
561,2805,0.4682634770870209,0.00014788531519000696,0.22872686634461084
561,2810,0.36808428168296814,0.00014769165592156368,0.22895315455065834
562,2810,0.47008535265922546,0.00014769165592156368,0.22895315455065834
562,2815,0.44645750522613525,0.00014749776485375492,0.22917302615112728
563,2815,0.46596717834472656,0.00014749776485375492,0.22917302615112728
563,2820,0.44755467772483826,0.0001473036429289641,0.22940537167920005
564,2820,0.4091566503047943,0.0001473036429289641,0.22940537167920005
564,2825,0.4162289798259735,0.00014710929109069674,0.2296050993932618
565,2825,0.46789059042930603,0.00014710929109069674,0.2296050993932618
565,2830,0.46051883697509766,0.00014691471028357574,0.2298188085357348
566,2830,0.4546763598918915,0.00014691471028357574,0.2298188085357348
566,2835,0.5456832647323608,0.00014671990145333696,0.2299590441915724
567,2835,0.43836626410484314,0.00014671990145333696,0.2299590441915724
567,2840,0.42860957980155945,0.00014652486554682454,0.23016513966851765
568,2840,0.4995966851711273,0.00014652486554682454,0.23016513966851765
568,2845,0.47132810950279236,0.00014632960351198618,0.23043681101666558
569,2845,0.5404623746871948,0.00014632960351198618,0.23043681101666558
569,2850,0.4739425778388977,0.0001461341162978688,0.23061554465028974
570,2850,0.413601815700531,0.0001461341162978688,0.23061554465028974
570,2855,0.5274190902709961,0.00014593840485461364,0.2308377433154318
571,2855,0.45487868785858154,0.00014593840485461364,0.2308377433154318
571,2860,0.4853958189487457,0.0001457424701334519,0.23112334642145368
572,2860,0.3939785361289978,0.0001457424701334519,0.23112334642145368
572,2865,0.4336812496185303,0.00014554631308669994,0.23131950861877865
573,2865,0.3548389673233032,0.00014554631308669994,0.23131950861877865
573,2870,0.472531795501709,0.00014534993466775462,0.23150344524118635
574,2870,0.4930574595928192,0.00014534993466775462,0.23150344524118635
574,2875,0.39853692054748535,0.00014515333583108896,0.2317336822549502
575,2875,0.3782421946525574,0.00014515333583108896,0.2317336822549502
575,2880,0.42315852642059326,0.00014495651753224705,0.23197324408425224
576,2880,0.4470195174217224,0.00014495651753224705,0.23197324408425224
576,2885,0.46169015765190125,0.00014475948072783983,0.23218596229950586
577,2885,0.35992157459259033,0.00014475948072783983,0.23218596229950586
577,2890,0.5223977565765381,0.0001445622263755402,0.2323532576362292
578,2890,0.47258561849594116,0.0001445622263755402,0.2323532576362292
578,2895,0.46376150846481323,0.00014436475543407843,0.2325295093986723
579,2895,0.39294442534446716,0.00014436475543407843,0.2325295093986723
579,2900,0.4419492781162262,0.0001441670688632374,0.23277193721797731
580,2900,0.4325014054775238,0.0001441670688632374,0.23277193721797731
580,2905,0.42021656036376953,0.0001439691676238482,0.23297993424865934
581,2905,0.4833427667617798,0.0001439691676238482,0.23297993424865934
581,2910,0.5231207013130188,0.00014377105267778518,0.23322201271851858
582,2910,0.42681044340133667,0.00014377105267778518,0.23322201271851858
582,2915,0.3473546504974365,0.00014357272498796144,0.23350337064928478
583,2915,0.3863670825958252,0.00014357272498796144,0.23350337064928478
583,2920,0.4155665636062622,0.000143374185518324,0.23371901280350155
584,2920,0.4680292010307312,0.000143374185518324,0.23371901280350155
584,2925,0.48375043272972107,0.00014317543523384928,0.2338986082209481
585,2925,0.365700364112854,0.00014317543523384928,0.2338986082209481
585,2930,0.4358538091182709,0.00014297647510053843,0.23403153154585096
586,2930,0.5070779323577881,0.00014297647510053843,0.23403153154585096
586,2935,0.4118771553039551,0.00014277730608541232,0.2342068942056762
587,2935,0.5613502860069275,0.00014277730608541232,0.2342068942056762
587,2940,0.4955526292324066,0.00014257792915650728,0.23441003014643988
588,2940,0.36846598982810974,0.00014257792915650728,0.23441003014643988
588,2945,0.3846132159233093,0.00014237834528287003,0.2346718336145083
589,2945,0.4503888785839081,0.00014237834528287003,0.2346718336145083
589,2950,0.45826730132102966,0.00014217855543455322,0.23491044259733623
590,2950,0.3779319226741791,0.00014217855543455322,0.23491044259733623
590,2955,0.3806181848049164,0.0001419785605826106,0.23509889096021652
591,2955,0.38714873790740967,0.0001419785605826106,0.23509889096021652
591,2960,0.38921666145324707,0.0001417783616990922,0.23529211266173256
592,2960,0.4266807436943054,0.0001417783616990922,0.23529211266173256
592,2965,0.37892231345176697,0.00014157795975703986,0.2354650323589643
593,2965,0.4135981798171997,0.00014157795975703986,0.2354650323589643
593,2970,0.4840535521507263,0.00014137735573048233,0.2356753945350647
594,2970,0.4302900433540344,0.00014137735573048233,0.2356753945350647
594,2975,0.4730503261089325,0.0001411765505944305,0.23581924703386095
595,2975,0.42509615421295166,0.0001411765505944305,0.23581924703386095
595,2980,0.4031239151954651,0.0001409755453248728,0.23595838497082391
596,2980,0.44024038314819336,0.0001409755453248728,0.23595838497082391
596,2985,0.3738040328025818,0.00014077434089877037,0.23613927430576748
597,2985,0.418715238571167,0.00014077434089877037,0.23613927430576748
597,2990,0.5807465314865112,0.00014057293829405229,0.23629111299912134
598,2990,0.41001689434051514,0.00014057293829405229,0.23629111299912134
598,2995,0.45420965552330017,0.00014037133848961085,0.2365204476647907
599,2995,0.4195338189601898,0.00014037133848961085,0.2365204476647907
599,3000,0.40544480085372925,0.00014016954246529696,0.236705482006073
600,3000,0.3971555829048157,0.00014016954246529696,0.236705482006073
600,3005,0.4444670081138611,0.000139967551201915,0.23690962708658642
601,3005,0.4471464157104492,0.000139967551201915,0.23690962708658642
601,3010,0.5700294375419617,0.00013976536568121843,0.23711933443943659
602,3010,0.4008563458919525,0.00013976536568121843,0.23711933443943659
602,3015,0.4041820466518402,0.00013956298688590484,0.2372962592376603
603,3015,0.49086737632751465,0.00013956298688590484,0.2372962592376603
603,3020,0.4351862370967865,0.00013936041579961123,0.2374750276406606
604,3020,0.3603281080722809,0.00013936041579961123,0.2374750276406606
604,3025,0.4946903586387634,0.00013915765340690917,0.23764540420638192
605,3025,0.4568040370941162,0.00013915765340690917,0.23764540420638192
605,3030,0.43909430503845215,0.00013895470069330004,0.2377915374106831
606,3030,0.43417835235595703,0.00013895470069330004,0.2377915374106831
606,3035,0.4205133020877838,0.0001387515586452103,0.2379523730940289
607,3035,0.3938463628292084,0.0001387515586452103,0.2379523730940289
607,3040,0.4347922205924988,0.00013854822824998665,0.23815728724002838
608,3040,0.3692602813243866,0.00013854822824998665,0.23815728724002838
608,3045,0.42177248001098633,0.00013834471049589117,0.23836038675573137
609,3045,0.4689452648162842,0.00013834471049589117,0.23836038675573137
609,3050,0.3519166111946106,0.0001381410063720966,0.23851585222615135
610,3050,0.44256848096847534,0.0001381410063720966,0.23851585222615135
610,3055,0.3819043040275574,0.00013793711686868157,0.23867328464984894
611,3055,0.5227987766265869,0.00013793711686868157,0.23867328464984894
611,3060,0.4106086194515228,0.00013773304297662559,0.23888438857263988
612,3060,0.4518180191516876,0.00013773304297662559,0.23888438857263988
612,3065,0.39132174849510193,0.00013752878568780446,0.23911711904737684
613,3065,0.487238347530365,0.00013752878568780446,0.23911711904737684
613,3070,0.4251877963542938,0.0001373243459949854,0.23926917049619886
614,3070,0.3724339008331299,0.0001373243459949854,0.23926917049619886
614,3075,0.4051327109336853,0.00013711972489182208,0.2394937061601215
615,3075,0.37689992785453796,0.00013711972489182208,0.2394937061601215
615,3080,0.40737414360046387,0.00013691492337284994,0.2397745806309912
616,3080,0.43027496337890625,0.00013691492337284994,0.2397745806309912
616,3085,0.35448992252349854,0.00013670994243348132,0.2399645729197396
617,3085,0.37990984320640564,0.00013670994243348132,0.2399645729197396
617,3090,0.44778674840927124,0.00013650478307000057,0.2400848451587889
618,3090,0.48987430334091187,0.00013650478307000057,0.2400848451587889
618,3095,0.4028942286968231,0.00013629944627955933,0.24027080254422295
619,3095,0.4065120220184326,0.00013629944627955933,0.24027080254422295
619,3100,0.40186208486557007,0.0001360939330601715,0.240469286011325
620,3100,0.3308919072151184,0.0001360939330601715,0.240469286011325
620,3105,0.37692007422447205,0.00013588824441070852,0.24066045963101917
621,3105,0.4266805648803711,0.00013588824441070852,0.24066045963101917
621,3110,0.3938834071159363,0.00013568238133089455,0.24087355617019865
622,3110,0.39062613248825073,0.00013568238133089455,0.24087355617019865
622,3115,0.40870723128318787,0.00013547634482130144,0.24098402344518238
623,3115,0.38545289635658264,0.00013547634482130144,0.24098402344518238
623,3120,0.40712040662765503,0.00013527013588334415,0.2411893465452724
624,3120,0.36973661184310913,0.00013527013588334415,0.2411893465452724
624,3125,0.4194818437099457,0.00013506375551927547,0.24143321398231718
625,3125,0.33523547649383545,0.00013506375551927547,0.24143321398231718
625,3130,0.4522157907485962,0.00013485720473218154,0.24165455831421745
626,3130,0.40807491540908813,0.00013485720473218154,0.24165455831421745
626,3135,0.419025719165802,0.00013465048452597682,0.24180664122104645
627,3135,0.3813553750514984,0.00013465048452597682,0.24180664122104645
627,3140,0.38488635420799255,0.00013444359590539912,0.2419259308112992
628,3140,0.3789830207824707,0.00013444359590539912,0.2419259308112992
628,3145,0.3389891982078552,0.00013423653987600497,0.2420580337444941
629,3145,0.3679887652397156,0.00013423653987600497,0.2420580337444941
629,3150,0.3990100920200348,0.00013402931744416433,0.24222042163213095
630,3150,0.37884172797203064,0.00013402931744416433,0.24222042163213095
630,3155,0.41136568784713745,0.00013382192961705616,0.24241096940305498
631,3155,0.34329065680503845,0.00013382192961705616,0.24241096940305498
631,3160,0.38376814126968384,0.00013361437740266313,0.24257620175679526
632,3160,0.43624377250671387,0.00013361437740266313,0.24257620175679526
632,3165,0.34385865926742554,0.00013340666180976712,0.24274273133940166
633,3165,0.5389673709869385,0.00013340666180976712,0.24274273133940166
633,3170,0.3249039649963379,0.00013319878384794384,0.24291127423445383
634,3170,0.3402021825313568,0.00013319878384794384,0.24291127423445383
634,3175,0.3367992341518402,0.0001329907445275583,0.2430468218194114
635,3175,0.46821990609169006,0.0001329907445275583,0.2430468218194114
635,3180,0.3785248398780823,0.00013278254485975976,0.24317141125599542
636,3180,0.4570561349391937,0.00013278254485975976,0.24317141125599542
636,3185,0.45048996806144714,0.00013257418585647688,0.24333136280377707
637,3185,0.4594789445400238,0.00013257418585647688,0.24333136280377707
637,3190,0.47303909063339233,0.0001323656685304126,0.24351988153325188
638,3190,0.3665142059326172,0.0001323656685304126,0.24351988153325188
638,3195,0.36270734667778015,0.00013215699389503954,0.24369205286105475
639,3195,0.41672587394714355,0.00013215699389503954,0.24369205286105475
639,3200,0.4737536907196045,0.0001319481629645948,0.2438811535636584
640,3200,0.37925732135772705,0.0001319481629645948,0.2438811535636584
640,3205,0.4332904815673828,0.00013173917675407518,0.24404220283031464
641,3205,0.41604316234588623,0.00013173917675407518,0.24404220283031464
641,3210,0.42765897512435913,0.00013153003627923218,0.24419740753041375
642,3210,0.40758204460144043,0.00013153003627923218,0.24419740753041375
642,3215,0.4864068925380707,0.000131320742556567,0.24438566962877908
643,3215,0.48452994227409363,0.000131320742556567,0.24438566962877908
643,3220,0.4534427523612976,0.00013111129660332586,0.24456282953421274
644,3220,0.3449270725250244,0.00013111129660332586,0.24456282953421274
644,3225,0.4265936315059662,0.00013090169943749476,0.2447553409470452
645,3225,0.43269097805023193,0.00013090169943749476,0.2447553409470452
645,3230,0.38879460096359253,0.00013069195207779464,0.24491467244095272
646,3230,0.3680630624294281,0.00013069195207779464,0.24491467244095272
646,3235,0.36810892820358276,0.0001304820555436765,0.24510457615057626
647,3235,0.441098690032959,0.0001304820555436765,0.24510457615057626
647,3240,0.4097821116447449,0.00013027201085531634,0.2452968955039978
648,3240,0.3186229467391968,0.00013027201085531634,0.2452968955039978
648,3245,0.34654682874679565,0.00013006181903361025,0.24552233351601493
649,3245,0.37664908170700073,0.00013006181903361025,0.24552233351601493
649,3250,0.30462852120399475,0.00012985148110016947,0.24569316456715265
650,3250,0.40322428941726685,0.00012985148110016947,0.24569316456715265
650,3255,0.31162703037261963,0.0001296409980773154,0.24584794955121148
651,3255,0.33833596110343933,0.0001296409980773154,0.24584794955121148
651,3260,0.37164080142974854,0.00012943037098807453,0.2459777295589447
652,3260,0.30816859006881714,0.00012943037098807453,0.2459777295589447
652,3265,0.4015595316886902,0.00012921960085617373,0.24615094562371573
653,3265,0.3936415910720825,0.00012921960085617373,0.24615094562371573
653,3270,0.3961956202983856,0.00012900868870603503,0.24638043178452385
654,3270,0.33957013487815857,0.00012900868870603503,0.24638043178452385
654,3275,0.46306270360946655,0.00012879763556277062,0.24655201782782873
655,3275,0.33260273933410645,0.00012879763556277062,0.24655201782782873
655,3280,0.41376209259033203,0.0001285864424521782,0.24671909130281872
656,3280,0.32832789421081543,0.0001285864424521782,0.24671909130281872
656,3285,0.37731683254241943,0.0001283751104007355,0.2468971229261822
657,3285,0.4121989607810974,0.0001283751104007355,0.2468971229261822
657,3290,0.3257262110710144,0.00012816364043559582,0.24708839340342414
658,3290,0.3648478388786316,0.00012816364043559582,0.24708839340342414
658,3295,0.4191046357154846,0.00012795203358458251,0.24724295735359192
659,3295,0.3035622239112854,0.00012795203358458251,0.24724295735359192
659,3300,0.3878219723701477,0.00012774029087618446,0.24746484640571806
660,3300,0.4136072099208832,0.00012774029087618446,0.24746484640571806
660,3305,0.5082184076309204,0.00012752841333955075,0.24764877143833372
661,3305,0.44669052958488464,0.00012752841333955075,0.24764877143833372
661,3310,0.3623853325843811,0.00012731640200448584,0.24778126345740425
662,3310,0.44263985753059387,0.00012731640200448584,0.24778126345740425
662,3315,0.35970354080200195,0.00012710425790144446,0.24792671700318655
663,3315,0.44555550813674927,0.00012710425790144446,0.24792671700318655
663,3320,0.397359699010849,0.00012689198206152657,0.24806480440828535
664,3320,0.3847488760948181,0.00012689198206152657,0.24806480440828535
664,3325,0.36167895793914795,0.00012667957551647262,0.24822554157839882
665,3325,0.3724643588066101,0.00012667957551647262,0.24822554157839882
665,3330,0.3531336486339569,0.00012646703929865817,0.24841450154781342
666,3330,0.43224427103996277,0.00012646703929865817,0.24841450154781342
666,3335,0.4148648977279663,0.00012625437444108907,0.2486072298553255
667,3335,0.4064505100250244,0.00012625437444108907,0.2486072298553255
667,3340,0.4102831482887268,0.00012604158197739647,0.24881801671451992
668,3340,0.4546077847480774,0.00012604158197739647,0.24881801671451992
668,3345,0.4636126160621643,0.00012582866294183167,0.24902546571360695
669,3345,0.3364114761352539,0.00012582866294183167,0.24902546571360695
669,3350,0.3819350004196167,0.00012561561836926113,0.2492118262582355
670,3350,0.3886803388595581,0.00012561561836926113,0.2492118262582355
670,3355,0.35155728459358215,0.0001254024492951616,0.24936388515763813
671,3355,0.38600534200668335,0.0001254024492951616,0.24936388515763813
671,3360,0.4023139476776123,0.00012518915675561483,0.24950292706489563
672,3360,0.3580167293548584,0.00012518915675561483,0.24950292706489563
672,3365,0.4372381269931793,0.00012497574178730266,0.24965391473637688
673,3365,0.39153391122817993,0.00012497574178730266,0.24965391473637688
673,3370,0.39989179372787476,0.00012476220542750204,0.24976222879356808
674,3370,0.3733806014060974,0.00012476220542750204,0.24976222879356808
674,3375,0.4410216212272644,0.00012454854871407994,0.2499652480085691
675,3375,0.33909937739372253,0.00012454854871407994,0.2499652480085691
675,3380,0.34919023513793945,0.00012433477268548822,0.25023552195893395
676,3380,0.3876922130584717,0.00012433477268548822,0.25023552195893395
676,3385,0.3519822061061859,0.00012412087838075867,0.25038694507545894
677,3385,0.28183460235595703,0.00012412087838075867,0.25038694507545894
677,3390,0.40936416387557983,0.00012390686683949798,0.250579205652078
678,3390,0.45407769083976746,0.00012390686683949798,0.250579205652078
678,3395,0.403078556060791,0.00012369273910188276,0.2507008272740576
679,3395,0.39208894968032837,0.00012369273910188276,0.2507008272740576
679,3400,0.4249035716056824,0.0001234784962086541,0.2509172128306495
680,3400,0.3810148239135742,0.0001234784962086541,0.2509172128306495
680,3405,0.31585264205932617,0.00012326413920111303,0.2510841406053967
681,3405,0.3870719373226166,0.00012326413920111303,0.2510841406053967
681,3410,0.40757641196250916,0.00012304966912111512,0.2512320164177153
682,3410,0.40172791481018066,0.00012304966912111512,0.2512320164177153
682,3415,0.3273601830005646,0.00012283508701106557,0.2513636441694366
683,3415,0.393830806016922,0.00012283508701106557,0.2513636441694366
683,3420,0.4016467332839966,0.00012262039391391404,0.25156234701474506
684,3420,0.37623390555381775,0.00012262039391391404,0.25156234701474506
684,3425,0.38972708582878113,0.0001224055908731496,0.2517676047152943
685,3425,0.4374246597290039,0.0001224055908731496,0.2517676047152943
685,3430,0.348167359828949,0.0001221906789327958,0.25193364090389675
686,3430,0.4050810933113098,0.0001221906789327958,0.25193364090389675
686,3435,0.3974018096923828,0.00012197565913740531,0.25212720036506653
687,3435,0.3267589211463928,0.00012197565913740531,0.25212720036506653
687,3440,0.28620320558547974,0.00012176053253205526,0.252298515703943
688,3440,0.4436986446380615,0.00012176053253205526,0.252298515703943
688,3445,0.42118677496910095,0.00012154530016234163,0.2524544248978297
689,3445,0.4083651900291443,0.00012154530016234163,0.2524544248978297
689,3450,0.35047489404678345,0.0001213299630743747,0.2526325442724758
690,3450,0.37556931376457214,0.0001213299630743747,0.2526325442724758
690,3455,0.3733454644680023,0.00012111452231477356,0.2527891985244221
691,3455,0.4399638772010803,0.00012111452231477356,0.2527891985244221
691,3460,0.41364461183547974,0.00012089897893066128,0.2529877382847998
692,3460,0.40197962522506714,0.00012089897893066128,0.2529877382847998
692,3465,0.4003674387931824,0.00012068333396965968,0.2531101753314336
693,3465,0.3328123986721039,0.00012068333396965968,0.2531101753314336
693,3470,0.4315091073513031,0.00012046758847988429,0.2532352598177062
694,3470,0.4555908143520355,0.00012046758847988429,0.2532352598177062
694,3475,0.32147619128227234,0.00012025174350993922,0.2533726427290175
695,3475,0.3497428297996521,0.00012025174350993922,0.2533726427290175
695,3480,0.4463534355163574,0.00012003580010891213,0.2535050188501676
696,3480,0.40015798807144165,0.00012003580010891213,0.2535050188501676
696,3485,0.34938615560531616,0.00011981975932636909,0.25364219231737983
697,3485,0.3791036009788513,0.00011981975932636909,0.25364219231737983
697,3490,0.2988457679748535,0.00011960362221234946,0.2537605091929436
698,3490,0.4070810079574585,0.00011960362221234946,0.2537605091929436
698,3495,0.3957407772541046,0.00011938738981736085,0.2538899878660838
699,3495,0.35656532645225525,0.00011938738981736085,0.2538899878660838
699,3500,0.5376211404800415,0.00011917106319237386,0.2540714152985149
700,3500,0.3690171241760254,0.00011917106319237386,0.2540714152985149
700,3505,0.36374616622924805,0.00011895464338881721,0.25418445219596225
701,3505,0.40138474106788635,0.00011895464338881721,0.25418445219596225
701,3510,0.3431706130504608,0.00011873813145857249,0.25428056634134716
702,3510,0.3366866707801819,0.00011873813145857249,0.25428056634134716
702,3515,0.43541181087493896,0.00011852152845396895,0.2544488252864944
703,3515,0.29588109254837036,0.00011852152845396895,0.2544488252864944
703,3520,0.38366565108299255,0.00011830483542777862,0.2546396975715955
704,3520,0.380317747592926,0.00011830483542777862,0.2546396975715955
704,3525,0.4068034589290619,0.000118088053433211,0.2548030937711398
705,3525,0.342765212059021,0.000118088053433211,0.2548030937711398
705,3530,0.44808945059776306,0.00011787118352390805,0.254912374748124
706,3530,0.2982068359851837,0.00011787118352390805,0.254912374748124
706,3535,0.3667578101158142,0.00011765422675393893,0.2550315972831514
707,3535,0.26925867795944214,0.00011765422675393893,0.2550315972831514
707,3540,0.45772626996040344,0.00011743718417779517,0.2551451126734416
708,3540,0.3123401403427124,0.00011743718417779517,0.2551451126734416
708,3545,0.4006669521331787,0.00011722005685038518,0.2552785757515166
709,3545,0.28925782442092896,0.00011722005685038518,0.2552785757515166
709,3550,0.3199572265148163,0.00011700284582702932,0.2554129693243239
710,3550,0.2892773151397705,0.00011700284582702932,0.2554129693243239
710,3555,0.4345138967037201,0.00011678555216345477,0.2555634147591061
711,3555,0.40016937255859375,0.00011678555216345477,0.2555634147591061
711,3560,0.4530636966228485,0.00011656817691579043,0.2556970996989144
712,3560,0.29410210251808167,0.00011656817691579043,0.2556970996989144
712,3565,0.3826630115509033,0.00011635072114056162,0.2558397683832381
713,3565,0.31800398230552673,0.00011635072114056162,0.2558397683832381
713,3570,0.3523148000240326,0.00011613318589468511,0.25602471911244923
714,3570,0.2812337577342987,0.00011613318589468511,0.25602471911244923
714,3575,0.4080313444137573,0.00011591557223546395,0.2561391111877229
715,3575,0.3671810030937195,0.00011591557223546395,0.2561391111877229
715,3580,0.41878342628479004,0.00011569788122058225,0.2563060066766209
716,3580,0.3815670609474182,0.00011569788122058225,0.2563060066766209
716,3585,0.3600608706474304,0.00011548011390810017,0.2564401734206412
717,3585,0.35143396258354187,0.00011548011390810017,0.2564401734206412
717,3590,0.31878480315208435,0.00011526227135644858,0.25656873484452564
718,3590,0.35572847723960876,0.00011526227135644858,0.25656873484452564
718,3595,0.34306448698043823,0.0001150443546244242,0.25672684609889984
719,3595,0.33535265922546387,0.0001150443546244242,0.25672684609889984
719,3600,0.38652467727661133,0.0001148263647711842,0.25684716552495956
720,3600,0.3262690305709839,0.0001148263647711842,0.25684716552495956
720,3605,0.3980724811553955,0.00011460830285624118,0.2569941158095996
721,3605,0.4014339745044708,0.00011460830285624118,0.2569941158095996
721,3610,0.30668121576309204,0.00011439016993945793,0.25715849217441344
722,3610,0.29107916355133057,0.00011439016993945793,0.25715849217441344
722,3615,0.4315811097621918,0.00011417196708104243,0.25732190161943436
723,3615,0.4322021007537842,0.00011417196708104243,0.25732190161943436
723,3620,0.4141635298728943,0.0001139536953415425,0.25752051505777573
724,3620,0.3054034411907196,0.0001139536953415425,0.25752051505777573
724,3625,0.36573198437690735,0.00011373535578184082,0.2576702717277739
725,3625,0.34350740909576416,0.00011373535578184082,0.2576702717277739
725,3630,0.36304840445518494,0.0001135169494631497,0.2578347565399276
726,3630,0.32163023948669434,0.0001135169494631497,0.2578347565399276
726,3635,0.3040440082550049,0.00011329847744700588,0.2579942088988092
727,3635,0.35457462072372437,0.00011329847744700588,0.2579942088988092
727,3640,0.4216093420982361,0.00011307994079526546,0.25811082786983913
728,3640,0.32712897658348083,0.00011307994079526546,0.25811082786983913
728,3645,0.2677634060382843,0.00011286134057009863,0.2582564991381433
729,3645,0.37136930227279663,0.00011286134057009863,0.2582564991381433
729,3650,0.4676830768585205,0.00011264267783398463,0.2583778508835369
730,3650,0.28574103116989136,0.00011264267783398463,0.2583778508835369
730,3655,0.40305864810943604,0.00011242395364970654,0.258522162006961
731,3655,0.37588629126548767,0.00011242395364970654,0.258522162006961
731,3660,0.3635697364807129,0.00011220516908034601,0.2586553336845504
732,3660,0.40393468737602234,0.00011220516908034601,0.2586553336845504
732,3665,0.4540383815765381,0.00011198632518927832,0.25876248048411477
733,3665,0.3821699619293213,0.00011198632518927832,0.25876248048411477
733,3670,0.3294192850589752,0.00011176742304016699,0.25891779859860736
734,3670,0.31365153193473816,0.00011176742304016699,0.25891779859860736
734,3675,0.41554325819015503,0.00011154846369695863,0.2590826468335258
735,3675,0.4447222948074341,0.00011154846369695863,0.2590826468335258
735,3680,0.41209468245506287,0.00011132944822387794,0.25922919395897126
736,3680,0.2951453924179077,0.00011132944822387794,0.25922919395897126
736,3685,0.345954030752182,0.00011111037768542245,0.25932681643300587
737,3685,0.4336768388748169,0.00011111037768542245,0.25932681643300587
737,3690,0.36250948905944824,0.00011089125314635726,0.25946686416864395
738,3690,0.3028067946434021,0.00011089125314635726,0.25946686416864395
738,3695,0.3786301910877228,0.00011067207567170992,0.2595960895220439
739,3695,0.3058103322982788,0.00011067207567170992,0.2595960895220439
739,3700,0.29664385318756104,0.00011045284632676536,0.25975429432259667
740,3700,0.3835538625717163,0.00011045284632676536,0.25975429432259667
740,3705,0.41608285903930664,0.00011023356617706052,0.2598456492026647
741,3705,0.3726757764816284,0.00011023356617706052,0.2598456492026647
741,3710,0.28793489933013916,0.00011001423628837932,0.25996701584921944
742,3710,0.2682334780693054,0.00011001423628837932,0.25996701584921944
742,3715,0.3415570855140686,0.0001097948577267474,0.26008697350819904
743,3715,0.34198999404907227,0.0001097948577267474,0.26008697350819904
743,3720,0.3550347685813904,0.00010957543155842702,0.26021185848448014
744,3720,0.39614957571029663,0.00010957543155842702,0.26021185848448014
744,3725,0.35308322310447693,0.00010935595884991178,0.26033466557661694
745,3725,0.3339284658432007,0.00010935595884991178,0.26033466557661694
745,3730,0.34155791997909546,0.00010913644066792153,0.260466568171978
746,3730,0.29383111000061035,0.00010913644066792153,0.260466568171978
746,3735,0.31315386295318604,0.00010891687807939707,0.2606224856442875
747,3735,0.2977266013622284,0.00010891687807939707,0.2606224856442875
747,3740,0.36073628067970276,0.00010869727215149507,0.2607707762055927
748,3740,0.3391200006008148,0.00010869727215149507,0.2607707762055927
748,3745,0.31183385848999023,0.00010847762395158288,0.2608925849199295
749,3745,0.3442063331604004,0.00010847762395158288,0.2608925849199295
749,3750,0.39657965302467346,0.00010825793454723325,0.2610417521662182
750,3750,0.4337817132472992,0.00010825793454723325,0.2610417521662182
750,3755,0.42916831374168396,0.00010803820500621922,0.2612147058049838
751,3755,0.4064026474952698,0.00010803820500621922,0.2612147058049838
751,3760,0.2992536425590515,0.0001078184363965089,0.2613045382830832
752,3760,0.3897038698196411,0.0001078184363965089,0.2613045382830832
752,3765,0.3881584107875824,0.00010759862978626031,0.2614663971794976
753,3765,0.415790319442749,0.00010759862978626031,0.2614663971794976
753,3770,0.37990209460258484,0.00010737878624381616,0.2616235224737061
754,3770,0.3642209470272064,0.00010737878624381616,0.2616235224737061
754,3775,0.3266480267047882,0.00010715890683769872,0.261757696668307
755,3775,0.40163058042526245,0.00010715890683769872,0.261757696668307
755,3780,0.3427139222621918,0.00010693899263660441,0.26185740861627793
756,3780,0.36091113090515137,0.00010693899263660441,0.26185740861627793
756,3785,0.2783695161342621,0.00010671904470939894,0.2619660082790587
757,3785,0.372335284948349,0.00010671904470939894,0.2619660082790587
757,3790,0.2728801965713501,0.0001064990641251118,0.26207411537567776
758,3790,0.3911665380001068,0.0001064990641251118,0.26207411537567776
758,3795,0.3365636467933655,0.00010627905195293135,0.26217426276869243
759,3795,0.36112040281295776,0.00010627905195293135,0.26217426276869243
759,3800,0.3281881511211395,0.00010605900926219939,0.2623163064320882
760,3800,0.3367132544517517,0.00010605900926219939,0.2623163064320882
760,3805,0.42649102210998535,0.000105838937122406,0.26241663181119496
761,3805,0.40653687715530396,0.000105838937122406,0.26241663181119496
761,3810,0.3469107747077942,0.00010561883660318455,0.26252949900097317
762,3810,0.32423484325408936,0.00010561883660318455,0.26252949900097317
762,3815,0.30826041102409363,0.00010539870877430624,0.26261764102511936
763,3815,0.33228397369384766,0.00010539870877430624,0.26261764102511936
763,3820,0.4374907612800598,0.00010517855470567496,0.26278334110975266
764,3820,0.3137030005455017,0.00010517855470567496,0.26278334110975266
764,3825,0.3694489896297455,0.00010495837546732224,0.26292360656791264
765,3825,0.44775161147117615,0.00010495837546732224,0.26292360656791264
765,3830,0.45047831535339355,0.00010473817212940189,0.26304106248749626
766,3830,0.5049147009849548,0.00010473817212940189,0.26304106248749626
766,3835,0.34175747632980347,0.0001045179457621849,0.26319034149249393
767,3835,0.361562579870224,0.0001045179457621849,0.26319034149249393
767,3840,0.3806670904159546,0.00010429769743605407,0.2633248551024331
768,3840,0.31860288977622986,0.00010429769743605407,0.2633248551024331
768,3845,0.3645113706588745,0.00010407742822149909,0.2634738062818845
769,3845,0.28586483001708984,0.00010407742822149909,0.2634738062818845
769,3850,0.2875016927719116,0.00010385713918911105,0.2635920329226388
770,3850,0.37966713309288025,0.00010385713918911105,0.2635920329226388
770,3855,0.388561487197876,0.00010363683140957745,0.2636997310651673
771,3855,0.28122636675834656,0.00010363683140957745,0.2636997310651673
771,3860,0.41613394021987915,0.00010341650595367682,0.2638087065683471
772,3860,0.329488605260849,0.00010341650595367682,0.2638087065683471
772,3865,0.41206520795822144,0.00010319616389227369,0.2639220679799716
773,3865,0.3190935552120209,0.00010319616389227369,0.2639220679799716
773,3870,0.3108261227607727,0.00010297580629631325,0.26405347883701324
774,3870,0.29061612486839294,0.00010297580629631325,0.26405347883701324
774,3875,0.3274649381637573,0.00010275543423681621,0.2641574525170856
775,3875,0.44229015707969666,0.00010275543423681621,0.2641574525170856
775,3880,0.327975332736969,0.00010253504878487357,0.264285904665788
776,3880,0.42225003242492676,0.00010253504878487357,0.264285904665788
776,3885,0.2857571840286255,0.00010231465101164139,0.2644285062948863
777,3885,0.2654187083244324,0.00010231465101164139,0.2644285062948863
777,3890,0.3832256495952606,0.0001020942419883357,0.2645677708917194
778,3890,0.32295480370521545,0.0001020942419883357,0.2645677708917194
778,3895,0.42008915543556213,0.00010187382278622712,0.264716286626127
779,3895,0.32358887791633606,0.00010187382278622712,0.264716286626127
779,3900,0.3790847659111023,0.00010165339447663587,0.2648550065027343
780,3900,0.4673272669315338,0.00010165339447663587,0.2648550065027343
780,3905,0.27527183294296265,0.00010143295813092624,0.26496079398526085
781,3905,0.2978706359863281,0.00010143295813092624,0.26496079398526085
781,3910,0.26657378673553467,0.00010121251482050173,0.26507172071271473
782,3910,0.3446938693523407,0.00010121251482050173,0.26507172071271473
782,3915,0.2710394263267517,0.00010099206561679963,0.2651677181323369
783,3915,0.350562185049057,0.00010099206561679963,0.2651677181323369
783,3920,0.3238876461982727,0.00010077161159128596,0.26527568366792464
784,3920,0.4105289876461029,0.00010077161159128596,0.26527568366792464
784,3925,0.28565678000450134,0.00010055115381545006,0.2654000032279227
785,3925,0.34744569659233093,0.00010055115381545006,0.2654000032279227
785,3930,0.35566744208335876,0.00010033069336079952,0.2655136270655526
786,3930,0.28166675567626953,0.00010033069336079952,0.2655136270655526
786,3935,0.36976751685142517,0.00010011023129885502,0.2656038999557495
787,3935,0.3813696503639221,0.00010011023129885502,0.2656038999557495
787,3940,0.278166264295578,9.988976870114502e-05,0.2657400493820508
788,3940,0.319778710603714,9.988976870114502e-05,0.2657400493820508
788,3945,0.32662609219551086,9.966930663920049e-05,0.2658327553007338
789,3945,0.30598506331443787,9.966930663920049e-05,0.2658327553007338
789,3950,0.2861323356628418,9.944884618454996e-05,0.26589636504650116
790,3950,0.5164468884468079,9.944884618454996e-05,0.26589636504650116
790,3955,0.3939589858055115,9.922838840871407e-05,0.2659898516204622
791,3955,0.37554213404655457,9.922838840871407e-05,0.2659898516204622
791,3960,0.40838250517845154,9.900793438320037e-05,0.26611819946103626
792,3960,0.3247950077056885,9.900793438320037e-05,0.26611819946103626
792,3965,0.4363853931427002,9.878748517949829e-05,0.2662799449430572
793,3965,0.32409971952438354,9.878748517949829e-05,0.2662799449430572
793,3970,0.28307923674583435,9.856704186907381e-05,0.26643576059076524
794,3970,0.26812660694122314,9.856704186907381e-05,0.26643576059076524
794,3975,0.3023414611816406,9.834660552336415e-05,0.26652201347880894
795,3975,0.4461768567562103,9.834660552336415e-05,0.26652201347880894
795,3980,0.302956759929657,9.81261772137729e-05,0.26665687561035156
796,3980,0.3603034019470215,9.81261772137729e-05,0.26665687561035156
796,3985,0.3125913739204407,9.790575801166432e-05,0.2667578359444936
797,3985,0.3274362087249756,9.790575801166432e-05,0.2667578359444936
797,3990,0.3087419271469116,9.768534898835862e-05,0.2668830379843712
798,3990,0.30815088748931885,9.768534898835862e-05,0.2668830379843712
798,3995,0.3529307246208191,9.746495121512648e-05,0.2669658338030179
799,3995,0.27762290835380554,9.746495121512648e-05,0.2669658338030179
799,4000,0.4189431071281433,9.724456576318381e-05,0.2670808004008399
800,4000,0.40587055683135986,9.724456576318381e-05,0.2670808004008399
800,4005,0.5193872451782227,9.702419370368676e-05,0.2672194888194402
801,4005,0.3077217936515808,9.702419370368676e-05,0.2672194888194402
801,4010,0.3062382638454437,9.68038361077263e-05,0.2673318295015229
802,4010,0.33672934770584106,9.68038361077263e-05,0.2673318295015229
802,4015,0.2782391309738159,9.65834940463232e-05,0.26748285359806484
803,4015,0.28941643238067627,9.65834940463232e-05,0.26748285359806484
803,4020,0.40161368250846863,9.636316859042259e-05,0.2676458598838912
804,4020,0.36756807565689087,9.636316859042259e-05,0.2676458598838912
804,4025,0.37237703800201416,9.614286081088895e-05,0.2677735884984334
805,4025,0.3244001865386963,9.614286081088895e-05,0.2677735884984334
805,4030,0.3949243426322937,9.592257177850095e-05,0.2679103637735049
806,4030,0.2680726647377014,9.592257177850095e-05,0.2679103637735049
806,4035,0.29458606243133545,9.570230256394596e-05,0.2680579009983275
807,4035,0.2797029912471771,9.570230256394596e-05,0.2680579009983275
807,4040,0.2878689169883728,9.548205423781512e-05,0.2681957640581661
808,4040,0.32802948355674744,9.548205423781512e-05,0.2681957640581661
808,4045,0.39514583349227905,9.526182787059813e-05,0.26829399665196735
809,4045,0.3238510191440582,9.526182787059813e-05,0.26829399665196735
809,4050,0.30223074555397034,9.504162453267777e-05,0.26837991178035736
810,4050,0.28247320652008057,9.504162453267777e-05,0.26837991178035736
810,4055,0.24615344405174255,9.482144529432505e-05,0.26849662015835446
811,4055,0.36689040064811707,9.482144529432505e-05,0.26849662015835446
811,4060,0.3578157424926758,9.460129122569381e-05,0.2685833416051335
812,4060,0.32784503698349,9.460129122569381e-05,0.2685833416051335
812,4065,0.321499228477478,9.438116339681545e-05,0.26871632701820797
813,4065,0.3575678765773773,9.438116339681545e-05,0.26871632701820797
813,4070,0.2767772376537323,9.416106287759402e-05,0.2688344758417871
814,4070,0.25814178586006165,9.416106287759402e-05,0.2688344758417871
814,4075,0.3163031339645386,9.394099073780066e-05,0.2689472527967559
815,4075,0.3110504150390625,9.394099073780066e-05,0.2689472527967559
815,4080,0.21806678175926208,9.372094804706867e-05,0.26906848616070217
816,4080,0.3472559452056885,9.372094804706867e-05,0.26906848616070217
816,4085,0.3142924904823303,9.350093587488823e-05,0.2691837963130739
817,4085,0.34151142835617065,9.350093587488823e-05,0.2691837963130739
817,4090,0.24190503358840942,9.32809552906011e-05,0.26927748488055336
818,4090,0.3057948052883148,9.32809552906011e-05,0.26927748488055336
818,4095,0.3752768933773041,9.30610073633956e-05,0.269340929057863
819,4095,0.36802977323532104,9.30610073633956e-05,0.269340929057863
819,4100,0.37006676197052,9.284109316230133e-05,0.2695143512553639
820,4100,0.24729278683662415,9.284109316230133e-05,0.2695143512553639
820,4105,0.278577983379364,9.262121375618382e-05,0.26971959157122505
821,4105,0.34992337226867676,9.262121375618382e-05,0.26971959157122505
821,4110,0.32534703612327576,9.24013702137397e-05,0.26984430601199466
822,4110,0.33046895265579224,9.24013702137397e-05,0.26984430601199466
822,4115,0.33401358127593994,9.21815636034911e-05,0.26994752883911133
823,4115,0.4222134053707123,9.21815636034911e-05,0.26994752883911133
823,4120,0.45554298162460327,9.196179499378082e-05,0.27009067601627773
824,4120,0.3224659562110901,9.196179499378082e-05,0.27009067601627773
824,4125,0.3401600122451782,9.174206545276677e-05,0.27020443975925446
825,4125,0.28577888011932373,9.174206545276677e-05,0.27020443975925446
825,4130,0.3449566960334778,9.152237604841712e-05,0.27032963020934
826,4130,0.3776353895664215,9.152237604841712e-05,0.27032963020934
826,4135,0.25711140036582947,9.130272784850494e-05,0.2704315094484223
827,4135,0.361896812915802,9.130272784850494e-05,0.2704315094484223
827,4140,0.2959142327308655,9.108312192060298e-05,0.2705309937397639
828,4140,0.2958075702190399,9.108312192060298e-05,0.2705309937397639
828,4145,0.24283835291862488,9.08635593320785e-05,0.27062026742431855
829,4145,0.40056756138801575,9.08635593320785e-05,0.27062026742431855
829,4150,0.23752395808696747,9.064404115008823e-05,0.27071062392658657
830,4150,0.267985075712204,9.064404115008823e-05,0.27071062392658657
830,4155,0.24214684963226318,9.042456844157299e-05,0.2707781535055902
831,4155,0.354224294424057,9.042456844157299e-05,0.2707781535055902
831,4160,0.2457333207130432,9.020514227325264e-05,0.27090853701035184
832,4160,0.2550354599952698,9.020514227325264e-05,0.27090853701035184
832,4165,0.24310576915740967,8.998576371162073e-05,0.2710041966703203
833,4165,0.2751719355583191,8.998576371162073e-05,0.2710041966703203
833,4170,0.30037087202072144,8.97664338229395e-05,0.27107856091525817
834,4170,0.26524969935417175,8.97664338229395e-05,0.27107856091525817
834,4175,0.2742657959461212,8.954715367323468e-05,0.2711878965298335
835,4175,0.379187673330307,8.954715367323468e-05,0.2711878965298335
835,4180,0.2811044156551361,8.932792432829009e-05,0.2712929935918914
836,4180,0.309531033039093,8.932792432829009e-05,0.2712929935918914
836,4185,0.28913915157318115,8.910874685364275e-05,0.2714250750011868
837,4185,0.21584463119506836,8.910874685364275e-05,0.2714250750011868
837,4190,0.34312567114830017,8.888962231457756e-05,0.2715530287888315
838,4190,0.29054176807403564,8.888962231457756e-05,0.2715530287888315
838,4195,0.2728227972984314,8.867055177612206e-05,0.2717124985324012
839,4195,0.2956656813621521,8.867055177612206e-05,0.2717124985324012
839,4200,0.30088433623313904,8.845153630304139e-05,0.2717796539266904
840,4200,0.38186976313591003,8.845153630304139e-05,0.2717796539266904
840,4205,0.2741541862487793,8.823257695983306e-05,0.27189451787206864
841,4205,0.38126060366630554,8.823257695983306e-05,0.27189451787206864
841,4210,0.21926140785217285,8.801367481072166e-05,0.2719726736346881
842,4210,0.30672281980514526,8.801367481072166e-05,0.2719726736346881
842,4215,0.36969250440597534,8.7794830919654e-05,0.27207398745748734
843,4215,0.2995835542678833,8.7794830919654e-05,0.27207398745748734
843,4220,0.4024662375450134,8.757604635029349e-05,0.2721662090884315
844,4220,0.3913576602935791,8.757604635029349e-05,0.2721662090884315
844,4225,0.24636432528495789,8.735732216601538e-05,0.2722725479139222
845,4225,0.23821032047271729,8.735732216601538e-05,0.2722725479139222
845,4230,0.23314595222473145,8.713865942990141e-05,0.2723873125182258
846,4230,0.3510303497314453,8.713865942990141e-05,0.2723873125182258
846,4235,0.29539650678634644,8.692005920473457e-05,0.27248285793595844
847,4235,0.2948966324329376,8.692005920473457e-05,0.27248285793595844
847,4240,0.28986820578575134,8.670152255299414e-05,0.2725682506958644
848,4240,0.29456889629364014,8.670152255299414e-05,0.2725682506958644
848,4245,0.30217593908309937,8.648305053685034e-05,0.2726580277085304
849,4245,0.32942044734954834,8.648305053685034e-05,0.2726580277085304
849,4250,0.28256601095199585,8.626464421815919e-05,0.2727600692047013
850,4250,0.3532039523124695,8.626464421815919e-05,0.2727600692047013
850,4255,0.2926338315010071,8.604630465845752e-05,0.272852656741937
851,4255,0.22495600581169128,8.604630465845752e-05,0.272852656741937
851,4260,0.3236415684223175,8.582803291895758e-05,0.2729400048653285
852,4260,0.25061091780662537,8.582803291895758e-05,0.2729400048653285
852,4265,0.23482564091682434,8.560983006054208e-05,0.27305406000879073
853,4265,0.2399885505437851,8.560983006054208e-05,0.27305406000879073
853,4270,0.3232545852661133,8.539169714375885e-05,0.27317694077889126
854,4270,0.27501195669174194,8.539169714375885e-05,0.27317694077889126
854,4275,0.3016383647918701,8.517363522881579e-05,0.27325523975822663
855,4275,0.2786632776260376,8.517363522881579e-05,0.27325523975822663
855,4280,0.2719441056251526,8.495564537557582e-05,0.27332910978131825
856,4280,0.22022442519664764,8.495564537557582e-05,0.27332910978131825
856,4285,0.31601452827453613,8.473772864355145e-05,0.2734292215771145
857,4285,0.37571048736572266,8.473772864355145e-05,0.2734292215771145
857,4290,0.2710344195365906,8.451988609189987e-05,0.27351045029030907
858,4290,0.3565458655357361,8.451988609189987e-05,0.27351045029030907
858,4295,0.2681981027126312,8.430211877941779e-05,0.2735949042770598
859,4295,0.24962937831878662,8.430211877941779e-05,0.2735949042770598
859,4300,0.340331494808197,8.408442776453605e-05,0.2736736891998185
860,4300,0.2860252261161804,8.408442776453605e-05,0.2736736891998185
860,4305,0.36695313453674316,8.386681410531491e-05,0.27378314319584107
861,4305,0.2966878414154053,8.386681410531491e-05,0.27378314319584107
861,4310,0.2724671959877014,8.36492788594384e-05,0.27387674235635334
862,4310,0.3024276793003082,8.36492788594384e-05,0.27387674235635334
862,4315,0.33272379636764526,8.343182308420958e-05,0.27397771096891826
863,4315,0.22564558684825897,8.343182308420958e-05,0.27397771096891826
863,4320,0.37762129306793213,8.321444783654524e-05,0.2740188522471322
864,4320,0.21483421325683594,8.321444783654524e-05,0.2740188522471322
864,4325,0.24405470490455627,8.299715417297071e-05,0.27408717489904827
865,4325,0.3029291033744812,8.299715417297071e-05,0.27408717489904827
865,4330,0.3397221565246582,8.277994314961483e-05,0.27418700771199334
866,4330,0.3483469486236572,8.277994314961483e-05,0.27418700771199334
866,4335,0.274394690990448,8.256281582220485e-05,0.27426978945732117
867,4335,0.24433842301368713,8.256281582220485e-05,0.27426978945732117
867,4340,0.2631695866584778,8.234577324606105e-05,0.274379577073786
868,4340,0.32564499974250793,8.234577324606105e-05,0.274379577073786
868,4345,0.2248774617910385,8.212881647609199e-05,0.27449820439020794
869,4345,0.23065388202667236,8.212881647609199e-05,0.27449820439020794
869,4350,0.24684879183769226,8.191194656678904e-05,0.27460354483789867
870,4350,0.30321523547172546,8.191194656678904e-05,0.27460354483789867
870,4355,0.35909339785575867,8.16951645722214e-05,0.2746933243340916
871,4355,0.2953648567199707,8.16951645722214e-05,0.2746933243340916
871,4360,0.33244743943214417,8.147847154603107e-05,0.2748129607902633
872,4360,0.37380707263946533,8.147847154603107e-05,0.2748129607902633
872,4365,0.2843294143676758,8.126186854142752e-05,0.27491618196169537
873,4365,0.29520726203918457,8.126186854142752e-05,0.27491618196169537
873,4370,0.23498883843421936,8.10453566111828e-05,0.2750213220715523
874,4370,0.35124725103378296,8.10453566111828e-05,0.2750213220715523
874,4375,0.321766197681427,8.082893680762619e-05,0.2751372936699126
875,4375,0.29368311166763306,8.082893680762619e-05,0.2751372936699126
875,4380,0.2307860553264618,8.061261018263919e-05,0.27524036748541725
876,4380,0.2741612493991852,8.061261018263919e-05,0.27524036748541725
876,4385,0.302713543176651,8.039637778765056e-05,0.27535242007838356
877,4385,0.26869314908981323,8.039637778765056e-05,0.27535242007838356
877,4390,0.34543371200561523,8.018024067363095e-05,0.27542851120233536
878,4390,0.32753562927246094,8.018024067363095e-05,0.27542851120233536
878,4395,0.3308209776878357,7.996419989108789e-05,0.2755202857984437
879,4395,0.3974679410457611,7.996419989108789e-05,0.2755202857984437
879,4400,0.26774999499320984,7.974825649006081e-05,0.2756067564090093
880,4400,0.36644601821899414,7.974825649006081e-05,0.2756067564090093
880,4405,0.2573690116405487,7.953241152011572e-05,0.2757088864843051
881,4405,0.2549246549606323,7.953241152011572e-05,0.2757088864843051
881,4410,0.35483890771865845,7.931666603034033e-05,0.27581777837541366
882,4410,0.2975074052810669,7.931666603034033e-05,0.27581777837541366
882,4415,0.34169912338256836,7.910102106933874e-05,0.27586717655261356
883,4415,0.22806331515312195,7.910102106933874e-05,0.27586717655261356
883,4420,0.48520025610923767,7.888547768522644e-05,0.2759389844205644
884,4420,0.2409047931432724,7.888547768522644e-05,0.2759389844205644
884,4425,0.38939785957336426,7.867003692562534e-05,0.27604614446560544
885,4425,0.3922879695892334,7.867003692562534e-05,0.27604614446560544
885,4430,0.2936391234397888,7.84546998376584e-05,0.27614643176396686
886,4430,0.370004266500473,7.84546998376584e-05,0.27614643176396686
886,4435,0.2850942015647888,7.823946746794477e-05,0.27623845719628864
887,4435,0.32732993364334106,7.823946746794477e-05,0.27623845719628864
887,4440,0.2804003953933716,7.80243408625947e-05,0.2763577616877026
888,4440,0.3096733093261719,7.80243408625947e-05,0.2763577616877026
888,4445,0.31765446066856384,7.780932106720422e-05,0.2764614017473327
889,4445,0.35981935262680054,7.780932106720422e-05,0.2764614017473327
889,4450,0.30153799057006836,7.759440912685042e-05,0.27655955486827427
890,4450,0.30547377467155457,7.759440912685042e-05,0.27655955486827427
890,4455,0.339207261800766,7.7379606086086e-05,0.27663937790526283
891,4455,0.26568466424942017,7.7379606086086e-05,0.27663937790526283
891,4460,0.35988733172416687,7.716491298893442e-05,0.2767101724942525
892,4460,0.263505220413208,7.716491298893442e-05,0.2767101724942525
892,4465,0.2272028923034668,7.695033087888489e-05,0.2767756125993199
893,4465,0.3479151725769043,7.695033087888489e-05,0.2767756125993199
893,4470,0.22651343047618866,7.673586079888698e-05,0.2768673077225685
894,4470,0.30553144216537476,7.673586079888698e-05,0.2768673077225685
894,4475,0.28865718841552734,7.652150379134592e-05,0.27695578585068387
895,4475,0.2919655442237854,7.652150379134592e-05,0.27695578585068387
895,4480,0.3686334490776062,7.630726089811729e-05,0.2770210380355517
896,4480,0.27411898970603943,7.630726089811729e-05,0.2770210380355517
896,4485,0.301122784614563,7.6093133160502e-05,0.27711328615744907
897,4485,0.2867591977119446,7.6093133160502e-05,0.27711328615744907
897,4490,0.27895650267601013,7.587912161924135e-05,0.2772011525101132
898,4490,0.24647477269172668,7.587912161924135e-05,0.2772011525101132
898,4495,0.28299036622047424,7.566522731451185e-05,0.2772804449001948
899,4495,0.3411816954612732,7.566522731451185e-05,0.2772804449001948
899,4500,0.25464123487472534,7.54514512859201e-05,0.27738115936517715
900,4500,0.3108769655227661,7.54514512859201e-05,0.27738115936517715
900,4505,0.2945502698421478,7.523779457249798e-05,0.2774718734953139
901,4505,0.3229116201400757,7.523779457249798e-05,0.2774718734953139
901,4510,0.312056303024292,7.502425821269734e-05,0.27755606753958595
902,4510,0.31034016609191895,7.502425821269734e-05,0.27755606753958595
902,4515,0.4046437442302704,7.48108432443852e-05,0.27764637105994755
903,4515,0.3048056662082672,7.48108432443852e-05,0.27764637105994755
903,4520,0.2752023935317993,7.459755070483841e-05,0.2777386142147912
904,4520,0.3941745162010193,7.459755070483841e-05,0.2777386142147912
904,4525,0.26185494661331177,7.438438163073884e-05,0.2778491841422187
905,4525,0.30020231008529663,7.438438163073884e-05,0.2778491841422187
905,4530,0.2321012020111084,7.417133705816837e-05,0.2779345139861107
906,4530,0.2585669159889221,7.417133705816837e-05,0.2779345139861107
906,4535,0.24888794124126434,7.395841802260356e-05,0.27804142816199195
907,4535,0.31292688846588135,7.395841802260356e-05,0.27804142816199195
907,4540,0.27834856510162354,7.374562555891094e-05,0.27815017269717324
908,4540,0.3353689908981323,7.374562555891094e-05,0.27815017269717324
908,4545,0.24128830432891846,7.353296070134186e-05,0.27823377814557815
909,4545,0.3508598208427429,7.353296070134186e-05,0.27823377814557815
909,4550,0.3076033890247345,7.332042448352738e-05,0.2783305073777835
910,4550,0.2020677924156189,7.332042448352738e-05,0.2783305073777835
910,4555,0.27886682748794556,7.310801793847344e-05,0.278438753551907
911,4555,0.25946280360221863,7.310801793847344e-05,0.278438753551907
911,4560,0.2578997313976288,7.289574209855559e-05,0.27853203150961137
912,4560,0.2501566410064697,7.289574209855559e-05,0.27853203150961137
912,4565,0.32905113697052,7.268359799551416e-05,0.27861547470092773
913,4565,0.328556627035141,7.268359799551416e-05,0.27861547470092773
913,4570,0.2789563536643982,7.247158666044927e-05,0.2786697737044758
914,4570,0.3163638412952423,7.247158666044927e-05,0.2786697737044758
914,4575,0.21753469109535217,7.225970912381556e-05,0.27871569163269466
915,4575,0.2517836093902588,7.225970912381556e-05,0.27871569163269466
915,4580,0.2554112374782562,7.20479664154175e-05,0.2788110201557477
916,4580,0.3293575942516327,7.20479664154175e-05,0.2788110201557477
916,4585,0.27304744720458984,7.183635956440425e-05,0.2789218384358618
917,4585,0.2391146719455719,7.183635956440425e-05,0.2789218384358618
917,4590,0.30358174443244934,7.16248895992645e-05,0.27901090019279057
918,4590,0.2778293490409851,7.16248895992645e-05,0.27901090019279057
918,4595,0.2984480857849121,7.141355754782184e-05,0.27912527322769165
919,4595,0.31946536898612976,7.141355754782184e-05,0.27912527322769165
919,4600,0.24091121554374695,7.12023644372294e-05,0.27919917222526336
920,4600,0.3886268138885498,7.12023644372294e-05,0.27919917222526336
920,4605,0.3170165717601776,7.099131129396501e-05,0.2792835045191977
921,4605,0.23836040496826172,7.099131129396501e-05,0.2792835045191977
921,4610,0.3396148681640625,7.07803991438263e-05,0.2793533578515053
922,4610,0.31272464990615845,7.07803991438263e-05,0.2793533578515053
922,4615,0.2893020510673523,7.056962901192548e-05,0.2794162796603309
923,4615,0.27521654963493347,7.056962901192548e-05,0.2794162796603309
923,4620,0.3723393380641937,7.035900192268464e-05,0.2794800094432301
924,4620,0.3702583312988281,7.035900192268464e-05,0.2794800094432301
924,4625,0.2655509114265442,7.014851889983057e-05,0.27952083117432064
925,4625,0.25023889541625977,7.014851889983057e-05,0.27952083117432064
925,4630,0.29761451482772827,6.993818096638978e-05,0.279582303431299
926,4630,0.326622873544693,6.993818096638978e-05,0.279582303431299
926,4635,0.2841379940509796,6.972798914468369e-05,0.27965744336446124
927,4635,0.33199194073677063,6.972798914468369e-05,0.27965744336446124
927,4640,0.32110920548439026,6.951794445632357e-05,0.27972747054364944
928,4640,0.3402605950832367,6.951794445632357e-05,0.27972747054364944
928,4645,0.47202521562576294,6.930804792220538e-05,0.2797766435477469
929,4645,0.26013195514678955,6.930804792220538e-05,0.2797766435477469
929,4650,0.29809853434562683,6.909830056250527e-05,0.27984371532996494
930,4650,0.22553591430187225,6.909830056250527e-05,0.27984371532996494
930,4655,0.27906131744384766,6.888870339667413e-05,0.27990687307384277
931,4655,0.2710932195186615,6.888870339667413e-05,0.27990687307384277
931,4660,0.4210282862186432,6.867925744343301e-05,0.27998026543193394
932,4660,0.22065991163253784,6.867925744343301e-05,0.27998026543193394
932,4665,0.2721404433250427,6.846996372076786e-05,0.28007255908515716
933,4665,0.32168838381767273,6.846996372076786e-05,0.28007255908515716
933,4670,0.26461082696914673,6.826082324592481e-05,0.28016837851868737
934,4670,0.2799474000930786,6.826082324592481e-05,0.28016837851868737
934,4675,0.19252324104309082,6.80518370354052e-05,0.2802269905805588
935,4675,0.2492649406194687,6.80518370354052e-05,0.2802269905805588
935,4680,0.2659924626350403,6.784300610496048e-05,0.28030236148171955
936,4680,0.26822930574417114,6.784300610496048e-05,0.28030236148171955
936,4685,0.2366553544998169,6.763433146958741e-05,0.28035960760381484
937,4685,0.28061041235923767,6.763433146958741e-05,0.28035960760381484
937,4690,0.3433913290500641,6.742581414352316e-05,0.28042369998163647
938,4690,0.3056688606739044,6.742581414352316e-05,0.28042369998163647
938,4695,0.33825254440307617,6.721745514024022e-05,0.28047138783666825
939,4695,0.23116013407707214,6.721745514024022e-05,0.28047138783666825
939,4700,0.2057947814464569,6.700925547244173e-05,0.28056178655889297
940,4700,0.3044082820415497,6.700925547244173e-05,0.28056178655889297
940,4705,0.2512831687927246,6.680121615205619e-05,0.28062121238973403
941,4705,0.2963467538356781,6.680121615205619e-05,0.28062121238973403
941,4710,0.249409019947052,6.65933381902329e-05,0.2806918794910113
942,4710,0.3343982994556427,6.65933381902329e-05,0.2806918794910113
942,4715,0.1863671988248825,6.638562259733687e-05,0.28077059735854465
943,4715,0.2155657261610031,6.638562259733687e-05,0.28077059735854465
943,4720,0.32361462712287903,6.617807038294387e-05,0.28081581824355656
944,4720,0.27557849884033203,6.617807038294387e-05,0.28081581824355656
944,4725,0.2409338653087616,6.59706825558357e-05,0.2809210138188468
945,4725,0.23086975514888763,6.59706825558357e-05,0.2809210138188468
945,4730,0.3915608823299408,6.57634601239951e-05,0.2809932985239559
946,4730,0.1980225145816803,6.57634601239951e-05,0.2809932985239559
946,4735,0.3102955222129822,6.555640409460089e-05,0.2810430857870314
947,4735,0.2742472290992737,6.555640409460089e-05,0.2810430857870314
947,4740,0.3304753303527832,6.534951547402322e-05,0.2810981439219581
948,4740,0.28759485483169556,6.534951547402322e-05,0.2810981439219581
948,4745,0.317626953125,6.51427952678185e-05,0.2811768733792835
949,4745,0.205783873796463,6.51427952678185e-05,0.2811768733792835
949,4750,0.37509578466415405,6.493624448072457e-05,0.2812529429793358
950,4750,0.23892027139663696,6.493624448072457e-05,0.2812529429793358
950,4755,0.2857368588447571,6.47298641166559e-05,0.28133409718672436
951,4755,0.4594725966453552,6.47298641166559e-05,0.28133409718672436
951,4760,0.2929657995700836,6.452365517869854e-05,0.28141840050617856
952,4760,0.3242035210132599,6.452365517869854e-05,0.28141840050617856
952,4765,0.3349171578884125,6.431761866910549e-05,0.28148169484403396
953,4765,0.2891269028186798,6.431761866910549e-05,0.28148169484403396
953,4770,0.34126684069633484,6.411175558929152e-05,0.2815692317154672
954,4770,0.22771398723125458,6.411175558929152e-05,0.2815692317154672
954,4775,0.2085791528224945,6.390606693982855e-05,0.28165631244579953
955,4775,0.2876637578010559,6.390606693982855e-05,0.28165631244579953
955,4780,0.20875030755996704,6.370055372044069e-05,0.28174348341094124
956,4780,0.4531375765800476,6.370055372044069e-05,0.28174348341094124
956,4785,0.3448513448238373,6.349521692999945e-05,0.2817970597081714
957,4785,0.22023528814315796,6.349521692999945e-05,0.2817970597081714
957,4790,0.2591092586517334,6.329005756651869e-05,0.2818921489848031
958,4790,0.2224057912826538,6.329005756651869e-05,0.2818921489848031
958,4795,0.2937192916870117,6.308507662715007e-05,0.2819238255421321
959,4795,0.2554319202899933,6.308507662715007e-05,0.2819238255421321
959,4800,0.2929327189922333,6.28802751081779e-05,0.28201566884915036
960,4800,0.25754091143608093,6.28802751081779e-05,0.28201566884915036
960,4805,0.3004973828792572,6.267565400501462e-05,0.2821091835697492
961,4805,0.24552397429943085,6.267565400501462e-05,0.2821091835697492
961,4810,0.2805315852165222,6.247121431219555e-05,0.28218985348939896
962,4810,0.19281122088432312,6.247121431219555e-05,0.28218985348939896
962,4815,0.28941139578819275,6.226695702337442e-05,0.28226492471165127
963,4815,0.25589391589164734,6.226695702337442e-05,0.28226492471165127
963,4820,0.35746511816978455,6.206288313131847e-05,0.2823488811651866
964,4820,0.3777616024017334,6.206288313131847e-05,0.2823488811651866
964,4825,0.25411394238471985,6.185899362790339e-05,0.28244238677952027
965,4825,0.23769013583660126,6.185899362790339e-05,0.28244238677952027
965,4830,0.26485127210617065,6.165528950410884e-05,0.28251445293426514
966,4830,0.3005911111831665,6.165528950410884e-05,0.28251445293426514
966,4835,0.2503132224082947,6.145177175001337e-05,0.2825675821966595
967,4835,0.2577393054962158,6.145177175001337e-05,0.2825675821966595
967,4840,0.2977094352245331,6.12484413547897e-05,0.28261999123626286
968,4840,0.267503559589386,6.12484413547897e-05,0.28261999123626286
968,4845,0.27470725774765015,6.10452993067e-05,0.2826961709393395
969,4845,0.3128046691417694,6.10452993067e-05,0.2826961709393395
969,4850,0.23630952835083008,6.084234659309088e-05,0.28277208076583016
970,4850,0.27495527267456055,6.084234659309088e-05,0.28277208076583016
970,4855,0.29463446140289307,6.06395842003888e-05,0.2828562276230918
971,4855,0.21141085028648376,6.06395842003888e-05,0.2828562276230918
971,4860,0.45488783717155457,6.0437013114095195e-05,0.2829272308283382
972,4860,0.386464923620224,6.0437013114095195e-05,0.2829272308283382
972,4865,0.20260077714920044,6.023463431878159e-05,0.28297724492020077
973,4865,0.19857513904571533,6.023463431878159e-05,0.28297724492020077
973,4870,0.22561097145080566,6.003244879808503e-05,0.2830483880307939
974,4870,0.33288419246673584,6.003244879808503e-05,0.2830483880307939
974,4875,0.20836663246154785,5.983045753470308e-05,0.2830921138326327
975,4875,0.21824559569358826,5.983045753470308e-05,0.2830921138326327
975,4880,0.2461712658405304,5.962866151038913e-05,0.2831631071037716
976,4880,0.30664896965026855,5.962866151038913e-05,0.2831631071037716
976,4885,0.32041624188423157,5.942706170594774e-05,0.2832170112265481
977,4885,0.23618444800376892,5.942706170594774e-05,0.2832170112265481
977,4890,0.21917355060577393,5.922565910122967e-05,0.283258387611972
978,4890,0.2508483827114105,5.922565910122967e-05,0.283258387611972
978,4895,0.25325217843055725,5.902445467512721e-05,0.2833177149295807
979,4895,0.26640525460243225,5.902445467512721e-05,0.2833177149295807
979,4900,0.2859152555465698,5.8823449405569516e-05,0.28338178992271423
980,4900,0.21516162157058716,5.8823449405569516e-05,0.28338178992271423
980,4905,0.2871663570404053,5.862264426951768e-05,0.28344668365187115
981,4905,0.2735655903816223,5.862264426951768e-05,0.28344668365187115
981,4910,0.36940503120422363,5.8422040242960166e-05,0.28350890510612065
982,4910,0.24056077003479004,5.8422040242960166e-05,0.28350890510612065
982,4915,0.2798124849796295,5.8221638300907854e-05,0.28357714497380787
983,4915,0.24269597232341766,5.8221638300907854e-05,0.28357714497380787
983,4920,0.1752747744321823,5.8021439417389444e-05,0.2836410543984837
984,4920,0.22166940569877625,5.8021439417389444e-05,0.2836410543984837
984,4925,0.20492836833000183,5.78214445654468e-05,0.28373578521940446
985,4925,0.24778370559215546,5.78214445654468e-05,0.28373578521940446
985,4930,0.3044964373111725,5.762165471712998e-05,0.28380101091331905
986,4930,0.3234020173549652,5.762165471712998e-05,0.28380101091331905
986,4935,0.3353620171546936,5.7422070843492734e-05,0.28388282905022305
987,4935,0.2784157693386078,5.7422070843492734e-05,0.28388282905022305
987,4940,0.339425653219223,5.72226939145877e-05,0.2839408682452308
988,4940,0.2594134509563446,5.72226939145877e-05,0.2839408682452308
988,4945,0.24965226650238037,5.702352489946159e-05,0.28400468164020115
989,4945,0.23929154872894287,5.702352489946159e-05,0.28400468164020115
989,4950,0.3007327616214752,5.6824564766150726e-05,0.28405238770776325
990,4950,0.2565195560455322,5.6824564766150726e-05,0.28405238770776325
990,4955,0.2767936885356903,5.6625814481676054e-05,0.28411223159896004
991,4955,0.35323020815849304,5.6625814481676054e-05,0.28411223159896004
991,4960,0.18978886306285858,5.642727501203861e-05,0.2841722435421414
992,4960,0.2926132082939148,5.642727501203861e-05,0.2841722435421414
992,4965,0.22636988759040833,5.622894732221482e-05,0.28425882508357364
993,4965,0.2768794596195221,5.622894732221482e-05,0.28425882508357364
993,4970,0.2812904715538025,5.603083237615179e-05,0.2843262172407574
994,4970,0.2569795846939087,5.603083237615179e-05,0.2843262172407574
994,4975,0.3096884489059448,5.58329311367626e-05,0.2844015964203411
995,4975,0.23579251766204834,5.58329311367626e-05,0.2844015964203411
995,4980,0.24689540266990662,5.563524456592163e-05,0.28446103632450104
996,4980,0.35737961530685425,5.563524456592163e-05,0.28446103632450104
996,4985,0.2662307918071747,5.543777362445981e-05,0.2845201997293366
997,4985,0.2569681704044342,5.543777362445981e-05,0.2845201997293366
997,4990,0.2653030753135681,5.524051927216018e-05,0.2845614477992058
998,4990,0.23875820636749268,5.524051927216018e-05,0.2845614477992058
998,4995,0.2896251380443573,5.504348246775299e-05,0.28462301029099357
999,4995,0.24287721514701843,5.504348246775299e-05,0.28462301029099357
999,5000,0.2870413064956665,5.484666416891109e-05,0.28467094484302735
1000,5000,0.22984664142131805,5.484666416891109e-05,0.28467094484302735
1000,5005,0.3406843841075897,5.465006533224537e-05,0.2847287356853485
1001,5005,0.30206477642059326,5.465006533224537e-05,0.2847287356853485
1001,5010,0.3156241476535797,5.4453686913300074e-05,0.28477909664313
1002,5010,0.2777157425880432,5.4453686913300074e-05,0.28477909664313
1002,5015,0.2842510938644409,5.4257529866548105e-05,0.28485434585147434
1003,5015,0.27058836817741394,5.4257529866548105e-05,0.28485434585147434
1003,5020,0.37221845984458923,5.406159514538638e-05,0.2849017348554399
1004,5020,0.29376548528671265,5.406159514538638e-05,0.2849017348554399
1004,5025,0.26312708854675293,5.386588370213124e-05,0.2849559386571248
1005,5025,0.19678685069084167,5.386588370213124e-05,0.2849559386571248
1005,5030,0.20795750617980957,5.3670396488013854e-05,0.2850262290901608
1006,5030,0.21850411593914032,5.3670396488013854e-05,0.2850262290901608
1006,5035,0.2728850245475769,5.3475134453175494e-05,0.285098129676448
1007,5035,0.3594977855682373,5.3475134453175494e-05,0.285098129676448
1007,5040,0.22434906661510468,5.328009854666303e-05,0.28515244606468415
1008,5040,0.22738808393478394,5.328009854666303e-05,0.28515244606468415
1008,5045,0.19589553773403168,5.308528971642428e-05,0.28519558823770946
1009,5045,0.19441621005535126,5.308528971642428e-05,0.28519558823770946
1009,5050,0.2203882932662964,5.289070890930328e-05,0.28525691893365646
1010,5050,0.25152334570884705,5.289070890930328e-05,0.28525691893365646
1010,5055,0.28743237257003784,5.269635707103593e-05,0.2853110101487901
1011,5055,0.2433728575706482,5.269635707103593e-05,0.2853110101487901
1011,5060,0.2600378394126892,5.250223514624513e-05,0.285359639260504
1012,5060,0.3248668611049652,5.250223514624513e-05,0.285359639260504
1012,5065,0.4639190435409546,5.2308344078436344e-05,0.2854120143585735
1013,5065,0.29286205768585205,5.2308344078436344e-05,0.2854120143585735
1013,5070,0.2631492614746094,5.2114684809993044e-05,0.28546854274140465
1014,5070,0.26753777265548706,5.2114684809993044e-05,0.28546854274140465
1014,5075,0.1980263590812683,5.1921258282172024e-05,0.28550905485947925
1015,5075,0.2839120030403137,5.1921258282172024e-05,0.28550905485947925
1015,5080,0.265935480594635,5.172806543509894e-05,0.28556660066048306
1016,5080,0.2348005473613739,5.172806543509894e-05,0.28556660066048306
1016,5085,0.22558389604091644,5.1535107207763534e-05,0.2856361683872011
1017,5085,0.16695651412010193,5.1535107207763534e-05,0.2856361683872011
1017,5090,0.2607801854610443,5.134238453801528e-05,0.28568611873520744
1018,5090,0.2917778193950653,5.134238453801528e-05,0.28568611873520744
1018,5095,0.2239784449338913,5.11498983625588e-05,0.2857552179031902
1019,5095,0.21094028651714325,5.11498983625588e-05,0.2857552179031902
1019,5100,0.284455806016922,5.095764961694922e-05,0.28579797761307824
1020,5100,0.2432536482810974,5.095764961694922e-05,0.28579797761307824
1020,5105,0.19620546698570251,5.0765639235587626e-05,0.2858453037010299
1021,5105,0.3190854787826538,5.0765639235587626e-05,0.2858453037010299
1021,5110,0.2096080780029297,5.057386815171664e-05,0.2858941662642691
1022,5110,0.21842193603515625,5.057386815171664e-05,0.2858941662642691
1022,5115,0.25932013988494873,5.0382337297415773e-05,0.28594308925999534
1023,5115,0.255495548248291,5.0382337297415773e-05,0.28594308925999534
1023,5120,0.2339460551738739,5.019104760359699e-05,0.28600215084022945
1024,5120,0.19778327643871307,5.019104760359699e-05,0.28600215084022945
1024,5125,0.2294953316450119,5.000000000000002e-05,0.28605107797516716
1025,5125,0.2559681534767151,5.000000000000002e-05,0.28605107797516716
1025,5130,0.3410530984401703,4.980919541518796e-05,0.2861197276247872
1026,5130,0.262766569852829,4.980919541518796e-05,0.2861197276247872
1026,5135,0.31815558671951294,4.961863477654285e-05,0.28617725604110295
1027,5135,0.29463502764701843,4.961863477654285e-05,0.28617725604110295
1027,5140,0.23420774936676025,4.9428319010260904e-05,0.2862134054303169
1028,5140,0.26877090334892273,4.9428319010260904e-05,0.2862134054303169
1028,5145,0.2414233535528183,4.923824904134829e-05,0.2862708444396655
1029,5145,0.2628496587276459,4.923824904134829e-05,0.2862708444396655
1029,5150,0.36060917377471924,4.904842579361653e-05,0.2863145669301351
1030,5150,0.2546652555465698,4.904842579361653e-05,0.2863145669301351
1030,5155,0.26816388964653015,4.8858850189677806e-05,0.2863543629646301
1031,5155,0.30960923433303833,4.8858850189677806e-05,0.2863543629646301
1031,5160,0.31343936920166016,4.866952315094088e-05,0.28640420238176983
1032,5160,0.21977275609970093,4.866952315094088e-05,0.28640420238176983
1032,5165,0.2019343376159668,4.848044559760624e-05,0.286445585389932
1033,5165,0.2743193507194519,4.848044559760624e-05,0.286445585389932
1033,5170,0.2869890332221985,4.8291618448661805e-05,0.2864954811003473
1034,5170,0.22222837805747986,4.8291618448661805e-05,0.2864954811003473
1034,5175,0.2614274322986603,4.810304262187852e-05,0.28655269659227794
1035,5175,0.32376840710639954,4.810304262187852e-05,0.28655269659227794
1035,5180,0.23471948504447937,4.791471903380569e-05,0.2866130355331633
1036,5180,0.2186506688594818,4.791471903380569e-05,0.2866130355331633
1036,5185,0.3403184711933136,4.772664859976673e-05,0.28667180240154266
1037,5185,0.17931529879570007,4.772664859976673e-05,0.28667180240154266
1037,5190,0.334516704082489,4.753883223385467e-05,0.28671712014410233
1038,5190,0.28229257464408875,4.753883223385467e-05,0.28671712014410233
1038,5195,0.27706003189086914,4.735127084892751e-05,0.28677501777807873
1039,5195,0.24832169711589813,4.735127084892751e-05,0.28677501777807873
1039,5200,0.1757717728614807,4.7163965356604125e-05,0.2868337523606088
1040,5200,0.29988187551498413,4.7163965356604125e-05,0.2868337523606088
1040,5205,0.35748735070228577,4.697691666725955e-05,0.2868873443868425
1041,5205,0.23391903936862946,4.697691666725955e-05,0.2868873443868425
1041,5210,0.25342172384262085,4.679012569002066e-05,0.2869473753703965
1042,5210,0.28904056549072266,4.679012569002066e-05,0.2869473753703965
1042,5215,0.2594629228115082,4.660359333276181e-05,0.2870048127240605
1043,5215,0.24899987876415253,4.660359333276181e-05,0.2870048127240605
1043,5220,0.24175989627838135,4.6417320502100316e-05,0.2870571066935857
1044,5220,0.27776098251342773,4.6417320502100316e-05,0.2870571066935857
1044,5225,0.19747191667556763,4.623130810339219e-05,0.2871160896288024
1045,5225,0.22767087817192078,4.623130810339219e-05,0.2871160896288024
1045,5230,0.22038893401622772,4.6045557040727507e-05,0.2871616474456257
1046,5230,0.20183055102825165,4.6045557040727507e-05,0.2871616474456257
1046,5235,0.25118061900138855,4.58600682169262e-05,0.2872241743736797
1047,5235,0.22396394610404968,4.58600682169262e-05,0.2872241743736797
1047,5240,0.19280080497264862,4.5674842533533714e-05,0.28726021697123844
1048,5240,0.2853357791900635,4.5674842533533714e-05,0.28726021697123844
1048,5245,0.28308701515197754,4.5489880890816404e-05,0.287312362756994
1049,5245,0.21685855090618134,4.5489880890816404e-05,0.287312362756994
1049,5250,0.2620912194252014,4.530518418775733e-05,0.2873571175667975
1050,5250,0.2683393955230713,4.530518418775733e-05,0.2873571175667975
1050,5255,0.24130474030971527,4.512075332205189e-05,0.2874075199166934
1051,5255,0.2334071397781372,4.512075332205189e-05,0.2874075199166934
1051,5260,0.18149900436401367,4.4936589190103375e-05,0.28746282474862206
1052,5260,0.2589007019996643,4.4936589190103375e-05,0.28746282474862206
1052,5265,0.33326563239097595,4.4752692687018694e-05,0.28751373456584084
1053,5265,0.20856790244579315,4.4752692687018694e-05,0.28751373456584084
1053,5270,0.23570874333381653,4.4569064706603905e-05,0.2875656568341785
1054,5270,0.19971589744091034,4.4569064706603905e-05,0.2875656568341785
1054,5275,0.24186989665031433,4.438570614135994e-05,0.2876163439618217
1055,5275,0.1816842406988144,4.438570614135994e-05,0.2876163439618217
1055,5280,0.2218751162290573,4.4202617882478405e-05,0.28768233789338005
1056,5280,0.22435367107391357,4.4202617882478405e-05,0.28768233789338005
1056,5285,0.24338679015636444,4.401980081983693e-05,0.2877402115199301
1057,5285,0.309011310338974,4.401980081983693e-05,0.2877402115199301
1057,5290,0.24810782074928284,4.3837255841995186e-05,0.2877945154905319
1058,5290,0.2595345973968506,4.3837255841995186e-05,0.2877945154905319
1058,5295,0.21509644389152527,4.365498383619036e-05,0.28783715185191894
1059,5295,0.22986732423305511,4.365498383619036e-05,0.28783715185191894
1059,5300,0.3114660978317261,4.3472985688332815e-05,0.2878659524851375
1060,5300,0.24776989221572876,4.3472985688332815e-05,0.2878659524851375
1060,5305,0.2224704921245575,4.329126228300199e-05,0.28792309595478904
1061,5305,0.20655636489391327,4.329126228300199e-05,0.28792309595478904
1061,5310,0.23173674941062927,4.310981450344189e-05,0.28798916439215344
1062,5310,0.19642499089241028,4.310981450344189e-05,0.28798916439215344
1062,5315,0.255369633436203,4.2928643231556844e-05,0.2880646040042241
1063,5315,0.2430766075849533,4.2928643231556844e-05,0.2880646040042241
1063,5320,0.270907461643219,4.274774934790737e-05,0.2881106519036823
1064,5320,0.19350014626979828,4.274774934790737e-05,0.2881106519036823
1064,5325,0.28977832198143005,4.256713373170564e-05,0.2881682672434383
1065,5325,0.25688984990119934,4.256713373170564e-05,0.2881682672434383
1065,5330,0.33019283413887024,4.238679726081145e-05,0.28821531931559247
1066,5330,0.38952791690826416,4.238679726081145e-05,0.28821531931559247
1066,5335,0.2328668087720871,4.220674081172782e-05,0.2882733303639624
1067,5335,0.25149083137512207,4.220674081172782e-05,0.2882733303639624
1067,5340,0.40829038619995117,4.2026965259596666e-05,0.28832660284307265
1068,5340,0.2725232243537903,4.2026965259596666e-05,0.28832660284307265
1068,5345,0.21622256934642792,4.18474714781948e-05,0.2883775523967213
1069,5345,0.28260236978530884,4.18474714781948e-05,0.2883775523967213
1069,5350,0.24632589519023895,4.1668260339929385e-05,0.28843746499882805
1070,5350,0.2554572522640228,4.1668260339929385e-05,0.28843746499882805
1070,5355,0.2309742271900177,4.148933271583385e-05,0.28848743107583785
1071,5355,0.2263312190771103,4.148933271583385e-05,0.28848743107583785
1071,5360,0.19983141124248505,4.131068947556372e-05,0.28853367020686466
1072,5360,0.2538905143737793,4.131068947556372e-05,0.28853367020686466
1072,5365,0.3904220461845398,4.113233148739224e-05,0.28859300580289626
1073,5365,0.31323063373565674,4.113233148739224e-05,0.28859300580289626
1073,5370,0.2235298454761505,4.0954259618206295e-05,0.28864703327417374
1074,5370,0.167915940284729,4.0954259618206295e-05,0.28864703327417374
1074,5375,0.22594505548477173,4.077647473350201e-05,0.28870269159475964
1075,5375,0.27658912539482117,4.077647473350201e-05,0.28870269159475964
1075,5380,0.2146822214126587,4.059897769738071e-05,0.28876453306939864
1076,5380,0.22291730344295502,4.059897769738071e-05,0.28876453306939864
1076,5385,0.2359527051448822,4.0421769372544736e-05,0.2888140123751428
1077,5385,0.2816930115222931,4.0421769372544736e-05,0.2888140123751428
1077,5390,0.32486236095428467,4.0244850620293084e-05,0.2888728479544322
1078,5390,0.2684045433998108,4.0244850620293084e-05,0.2888728479544322
1078,5395,0.2447381615638733,4.006822230051733e-05,0.28892359551456237
1079,5395,0.2521670460700989,4.006822230051733e-05,0.28892359551456237
1079,5400,0.20600438117980957,3.9891885271697496e-05,0.2889459240767691
1080,5400,0.2574025094509125,3.9891885271697496e-05,0.2889459240767691
1080,5405,0.24237477779388428,3.97158403908978e-05,0.2889883890748024
1081,5405,0.25691813230514526,3.97158403908978e-05,0.2889883890748024
1081,5410,0.24818366765975952,3.954008851376252e-05,0.2890255045559671
1082,5410,0.27108508348464966,3.954008851376252e-05,0.2890255045559671
1082,5415,0.21831464767456055,3.936463049451179e-05,0.28906328562233186
1083,5415,0.18203799426555634,3.936463049451179e-05,0.28906328562233186
1083,5420,0.26017171144485474,3.9189467185937465e-05,0.289088932176431
1084,5420,0.30234649777412415,3.9189467185937465e-05,0.289088932176431
1084,5425,0.2873416841030121,3.90145994393991e-05,0.28912028173605603
1085,5425,0.2983936071395874,3.90145994393991e-05,0.28912028173605603
1085,5430,0.22445879876613617,3.884002810481958e-05,0.28918173329697716
1086,5430,0.2581947147846222,3.884002810481958e-05,0.28918173329697716
1086,5435,0.17267033457756042,3.86657540306812e-05,0.2892284004224671
1087,5435,0.21436035633087158,3.86657540306812e-05,0.2892284004224671
1087,5440,0.30143314599990845,3.849177806402148e-05,0.2892789791027705
1088,5440,0.24632737040519714,3.849177806402148e-05,0.2892789791027705
1088,5445,0.18866539001464844,3.8318101050428904e-05,0.2893194597628381
1089,5445,0.21950475871562958,3.8318101050428904e-05,0.2893194597628381
1089,5450,0.36192989349365234,3.8144723834039066e-05,0.28937001526355743
1090,5450,0.23356229066848755,3.8144723834039066e-05,0.28937001526355743
1090,5455,0.2276124209165573,3.7971647257530375e-05,0.2894163893328773
1091,5455,0.3212265372276306,3.7971647257530375e-05,0.2894163893328773
1091,5460,0.16243813931941986,3.779887216211995e-05,0.28945272001955247
1092,5460,0.22154176235198975,3.779887216211995e-05,0.28945272001955247
1092,5465,0.22022990882396698,3.762639938755974e-05,0.2894807863566611
1093,5465,0.22877931594848633,3.762639938755974e-05,0.2894807863566611
1093,5470,0.23221616446971893,3.745422977213218e-05,0.28951193806197906
1094,5470,0.16733525693416595,3.745422977213218e-05,0.28951193806197906
1094,5475,0.19583037495613098,3.7282364152646297e-05,0.2895489310224851
1095,5475,0.2534236013889313,3.7282364152646297e-05,0.2895489310224851
1095,5480,0.2489727884531021,3.711080336443362e-05,0.2895865879125065
1096,5480,0.16840311884880066,3.711080336443362e-05,0.2895865879125065
1096,5485,0.20354339480400085,3.693954824134396e-05,0.2896401799387402
1097,5485,0.17455703020095825,3.693954824134396e-05,0.2896401799387402
1097,5490,0.19158890843391418,3.676859961574162e-05,0.28969253847996396
1098,5490,0.2640294134616852,3.676859961574162e-05,0.28969253847996396
1098,5495,0.21619674563407898,3.65979583185011e-05,0.28974876635604435
1099,5495,0.3235362768173218,3.65979583185011e-05,0.28974876635604435
1099,5500,0.22703123092651367,3.642762517900322e-05,0.2897896261678802
1100,5500,0.28120094537734985,3.642762517900322e-05,0.2897896261678802
1100,5505,0.23494809865951538,3.6257601025131026e-05,0.28984715541203815
1101,5505,0.17907583713531494,3.6257601025131026e-05,0.28984715541203815
1101,5510,0.23822705447673798,3.6087886683265814e-05,0.28988512853781384
1102,5510,0.3099684417247772,3.6087886683265814e-05,0.28988512853781384
1102,5515,0.2926531434059143,3.591848297828305e-05,0.28994028518597287
1103,5515,0.26614928245544434,3.591848297828305e-05,0.28994028518597287
1103,5520,0.25356051325798035,3.574939073354838e-05,0.28999045077297425
1104,5520,0.21609380841255188,3.574939073354838e-05,0.28999045077297425
1104,5525,0.16370432078838348,3.558061077091359e-05,0.2900351244542334
1105,5525,0.3441499173641205,3.558061077091359e-05,0.2900351244542334
1105,5530,0.2686326503753662,3.541214391071278e-05,0.29006786313321853
1106,5530,0.21619205176830292,3.541214391071278e-05,0.29006786313321853
1106,5535,0.305222749710083,3.5243990971758125e-05,0.2901037840379609
1107,5535,0.29694488644599915,3.5243990971758125e-05,0.2901037840379609
1107,5540,0.22773891687393188,3.50761527713361e-05,0.29013635797633064
1108,5540,0.2789202332496643,3.50761527713361e-05,0.29013635797633064
1108,5545,0.23823313415050507,3.490863012520346e-05,0.29016779694292283
1109,5545,0.216769739985466,3.490863012520346e-05,0.29016779694292283
1109,5550,0.17905043065547943,3.4741423847583134e-05,0.2901923979322116
1110,5550,0.23549142479896545,3.4741423847583134e-05,0.2901923979322116
1110,5555,0.21180278062820435,3.457453475116051e-05,0.2902224295669132
1111,5555,0.23124593496322632,3.457453475116051e-05,0.2902224295669132
1111,5560,0.2273787558078766,3.4407963647079286e-05,0.29025187260574764
1112,5560,0.26094815135002136,3.4407963647079286e-05,0.29025187260574764
1112,5565,0.30467700958251953,3.424171134493756e-05,0.29028573052750695
1113,5565,0.30065786838531494,3.424171134493756e-05,0.29028573052750695
1113,5570,0.23834486305713654,3.407577865278404e-05,0.2903244313266542
1114,5570,0.23411262035369873,3.407577865278404e-05,0.2903244313266542
1114,5575,0.19059579074382782,3.3910166377113894e-05,0.29035747713512844
1115,5575,0.2342776507139206,3.3910166377113894e-05,0.29035747713512844
1115,5580,0.2254796326160431,3.3744875322865034e-05,0.29039018435610664
1116,5580,0.17351274192333221,3.3744875322865034e-05,0.29039018435610664
1116,5585,0.35301706194877625,3.357990629341411e-05,0.2904345418016116
1117,5585,0.3009932041168213,3.357990629341411e-05,0.2904345418016116
1117,5590,0.28562161326408386,3.341526009057253e-05,0.29048604932096267
1118,5590,0.3279227912425995,3.341526009057253e-05,0.29048604932096267
1118,5595,0.23277799785137177,3.325093751458276e-05,0.2905194502737787
1119,5595,0.25066524744033813,3.325093751458276e-05,0.2905194502737787
1119,5600,0.22243504226207733,3.308693936411421e-05,0.29054489152299035
1120,5600,0.22039353847503662,3.308693936411421e-05,0.29054489152299035
1120,5605,0.18810731172561646,3.292326643625948e-05,0.29056936088535523
1121,5605,0.19075843691825867,3.292326643625948e-05,0.29056936088535523
1121,5610,0.44158849120140076,3.275991952653054e-05,0.290607466465897
1122,5610,0.27803266048431396,3.275991952653054e-05,0.290607466465897
1122,5615,0.1892109215259552,3.259689942885471e-05,0.29064254462718964
1123,5615,0.21650195121765137,3.259689942885471e-05,0.29064254462718964
1123,5620,0.33724457025527954,3.243420693557097e-05,0.2906882208254602
1124,5620,0.30340221524238586,3.243420693557097e-05,0.2906882208254602
1124,5625,0.2882680296897888,3.227184283742591e-05,0.2907364923093054
1125,5625,0.32878929376602173,3.227184283742591e-05,0.2907364923093054
1125,5630,0.20316354930400848,3.2109807923570026e-05,0.29077961295843124
1126,5630,0.3558312654495239,3.2109807923570026e-05,0.29077961295843124
1126,5635,0.2939596176147461,3.194810298155394e-05,0.2908182243506114
1127,5635,0.28342029452323914,3.194810298155394e-05,0.2908182243506114
1127,5640,0.2562795877456665,3.178672879732435e-05,0.2908579781651497
1128,5640,0.2067454308271408,3.178672879732435e-05,0.2908579781651497
1128,5645,0.34467029571533203,3.162568615522048e-05,0.2908959181772338
1129,5645,0.1784728467464447,3.162568615522048e-05,0.2908959181772338
1129,5650,0.23073826730251312,3.1464975837970036e-05,0.2909253206517961
1130,5650,0.2566116154193878,3.1464975837970036e-05,0.2909253206517961
1130,5655,0.24814152717590332,3.1304598626685545e-05,0.29096653974718517
1131,5655,0.1963568925857544,3.1304598626685545e-05,0.29096653974718517
1131,5660,0.1743006408214569,3.114455530086054e-05,0.29099554899666047
1132,5660,0.2782919704914093,3.114455530086054e-05,0.29099554899666047
1132,5665,0.17655333876609802,3.09848466383657e-05,0.29102447628974915
1133,5665,0.2608783543109894,3.09848466383657e-05,0.29102447628974915
1133,5670,0.23522089421749115,3.0825473415445074e-05,0.2910533406668239
1134,5670,0.26736241579055786,3.0825473415445074e-05,0.2910533406668239
1134,5675,0.21827922761440277,3.0666436406712485e-05,0.2910807372795211
1135,5675,0.27118462324142456,3.0666436406712485e-05,0.2910807372795211
1135,5680,0.3005817234516144,3.0507736385147458e-05,0.2911146862639321
1136,5680,0.18815861642360687,3.0507736385147458e-05,0.2911146862639321
1136,5685,0.28945836424827576,3.034937412209178e-05,0.2911455457409223
1137,5685,0.18821565806865692,3.034937412209178e-05,0.2911455457409223
1137,5690,0.46849745512008667,3.0191350387245554e-05,0.29116904901133644
1138,5690,0.20742827653884888,3.0191350387245554e-05,0.29116904901133644
1138,5695,0.31892088055610657,3.0033665948663458e-05,0.2912088715367847
1139,5695,0.1902906745672226,3.0033665948663458e-05,0.2912088715367847
1139,5700,0.20455634593963623,2.9876321572751144e-05,0.2912368310822381
1140,5700,0.1901252716779709,2.9876321572751144e-05,0.2912368310822381
1140,5705,0.23391596972942352,2.971931802426139e-05,0.29126162744230694
1141,5705,0.15864381194114685,2.971931802426139e-05,0.29126162744230694
1141,5710,0.1867191046476364,2.9562656066290374e-05,0.29129095955027473
1142,5710,0.2973536550998688,2.9562656066290374e-05,0.29129095955027473
1142,5715,0.16818909347057343,2.940633646027414e-05,0.291328805188338
1143,5715,0.19340907037258148,2.940633646027414e-05,0.291328805188338
1143,5720,0.17757807672023773,2.9250359965984642e-05,0.2913595520787769
1144,5720,0.27495989203453064,2.9250359965984642e-05,0.2913595520787769
1144,5725,0.22880402207374573,2.9094727341526275e-05,0.2913958744870292
1145,5725,0.20637470483779907,2.9094727341526275e-05,0.2913958744870292
1145,5730,0.20150542259216309,2.8939439343332086e-05,0.2914244872000482
1146,5730,0.2309652417898178,2.8939439343332086e-05,0.2914244872000482
1146,5735,0.20336322486400604,2.878449672616004e-05,0.2914605943693055
1147,5735,0.2541615962982178,2.878449672616004e-05,0.2914605943693055
1147,5740,0.15895062685012817,2.8629900243089513e-05,0.2914823748999172
1148,5740,0.24084095656871796,2.8629900243089513e-05,0.2914823748999172
1148,5745,0.21232014894485474,2.8475650645517472e-05,0.29151879168219036
1149,5745,0.27956002950668335,2.8475650645517472e-05,0.29151879168219036
1149,5750,0.2597373127937317,2.8321748683154893e-05,0.29154354251093334
1150,5750,0.2752748429775238,2.8321748683154893e-05,0.29154354251093334
1150,5755,0.3230123817920685,2.8168195104023143e-05,0.2915788491566976
1151,5755,0.2203150987625122,2.8168195104023143e-05,0.2915788491566976
1151,5760,0.2681950330734253,2.8014990654450325e-05,0.2916108618179957
1152,5760,0.3082304894924164,2.8014990654450325e-05,0.2916108618179957
1152,5765,0.2692722678184509,2.7862136079067646e-05,0.2916484475135803
1153,5765,0.31671205163002014,2.7862136079067646e-05,0.2916484475135803
1153,5770,0.19291797280311584,2.770963212080574e-05,0.29168419871065354
1154,5770,0.15302573144435883,2.770963212080574e-05,0.29168419871065354
1154,5775,0.16971909999847412,2.7557479520891104e-05,0.29172149880064857
1155,5775,0.272950679063797,2.7557479520891104e-05,0.29172149880064857
1155,5780,0.18324336409568787,2.740567901884261e-05,0.29175037973456913
1156,5780,0.23885348439216614,2.740567901884261e-05,0.29175037973456913
1156,5785,0.18585416674613953,2.7254231352467664e-05,0.2917725096146266
1157,5785,0.2001248300075531,2.7254231352467664e-05,0.2917725096146266
1157,5790,0.21837066113948822,2.7103137257858868e-05,0.2918046969506476
1158,5790,0.24814581871032715,2.7103137257858868e-05,0.2918046969506476
1158,5795,0.14713512361049652,2.6952397469390245e-05,0.29183296114206314
1159,5795,0.18329784274101257,2.6952397469390245e-05,0.29183296114206314
1159,5800,0.16737774014472961,2.680201271971382e-05,0.29186851531267166
1160,5800,0.276322603225708,2.680201271971382e-05,0.29186851531267166
1160,5805,0.1648424118757248,2.6651983739756026e-05,0.29190583692656624
1161,5805,0.26021260023117065,2.6651983739756026e-05,0.29190583692656624
1161,5810,0.19068047404289246,2.650231125871402e-05,0.2919369356499778
1162,5810,0.22617888450622559,2.650231125871402e-05,0.2919369356499778
1162,5815,0.2013317197561264,2.6352996004052255e-05,0.2919822351800071
1163,5815,0.18426355719566345,2.6352996004052255e-05,0.2919822351800071
1163,5820,0.23932763934135437,2.6204038701499056e-05,0.2920212662882275
1164,5820,0.18585261702537537,2.6204038701499056e-05,0.2920212662882275
1164,5825,0.24859219789505005,2.6055440075042793e-05,0.29205356703864205
1165,5825,0.24684223532676697,2.6055440075042793e-05,0.29205356703864205
1165,5830,0.2117372453212738,2.590720084692866e-05,0.29209068831470275
1166,5830,0.24918246269226074,2.590720084692866e-05,0.29209068831470275
1166,5835,0.20924848318099976,2.5759321737655017e-05,0.292118810945087
1167,5835,0.24212519824504852,2.5759321737655017e-05,0.292118810945087
1167,5840,0.24897079169750214,2.5611803465969842e-05,0.2921488682428996
1168,5840,0.23806416988372803,2.5611803465969842e-05,0.2921488682428996
1168,5845,0.23194219172000885,2.5464646748867415e-05,0.29217824671003556
1169,5845,0.37202757596969604,2.5464646748867415e-05,0.29217824671003556
1169,5850,0.2382129430770874,2.5317852301584643e-05,0.29221052014165455
1170,5850,0.26849400997161865,2.5317852301584643e-05,0.29221052014165455
1170,5855,0.24268649518489838,2.5171420837597646e-05,0.29224676969978547
1171,5855,0.29475852847099304,2.5171420837597646e-05,0.29224676969978547
1171,5860,0.31831368803977966,2.502535306861844e-05,0.29227370106511646
1172,5860,0.2766711413860321,2.502535306861844e-05,0.29227370106511646
1172,5865,0.29628297686576843,2.487964970459118e-05,0.29229548739062416
1173,5865,0.16717438399791718,2.487964970459118e-05,0.29229548739062416
1173,5870,0.1718253344297409,2.4734311453688985e-05,0.2923284007443322
1174,5870,0.20803210139274597,2.4734311453688985e-05,0.2923284007443322
1174,5875,0.29871052503585815,2.4589339022310386e-05,0.2923487722873688
1175,5875,0.23358163237571716,2.4589339022310386e-05,0.2923487722873688
1175,5880,0.3299790620803833,2.4444733115075823e-05,0.29238227672047085
1176,5880,0.1587708294391632,2.4444733115075823e-05,0.29238227672047085
1176,5885,0.2031484842300415,2.4300494434824373e-05,0.29240940511226654
1177,5885,0.2817264795303345,2.4300494434824373e-05,0.29240940511226654
1177,5890,0.2577272951602936,2.415662368261017e-05,0.292450536456373
1178,5890,0.16771584749221802,2.415662368261017e-05,0.292450536456373
1178,5895,0.25673675537109375,2.4013121557699157e-05,0.29248133715656066
1179,5895,0.2947028875350952,2.4013121557699157e-05,0.29248133715656066
1179,5900,0.26213255524635315,2.3869988757565543e-05,0.29251157078478074
1180,5900,0.23478832840919495,2.3869988757565543e-05,0.29251157078478074
1180,5905,0.2452753782272339,2.3727225977888533e-05,0.29254252049658036
1181,5905,0.20235511660575867,2.3727225977888533e-05,0.29254252049658036
1181,5910,0.16522130370140076,2.3584833912548888e-05,0.2925857843624221
1182,5910,0.24220497906208038,2.3584833912548888e-05,0.2925857843624221
1182,5915,0.15146127343177795,2.3442813253625528e-05,0.2926106635067198
1183,5915,0.16916480660438538,2.3442813253625528e-05,0.2926106635067198
1183,5920,0.18810418248176575,2.3301164691392176e-05,0.2926457267668512
1184,5920,0.20410636067390442,2.3301164691392176e-05,0.2926457267668512
1184,5925,0.20545190572738647,2.315988891431412e-05,0.292669421268834
1185,5925,0.252849280834198,2.315988891431412e-05,0.292669421268834
1185,5930,0.2911977469921112,2.3018986609044657e-05,0.2926950678229332
1186,5930,0.27082276344299316,2.3018986609044657e-05,0.2926950678229332
1186,5935,0.2530948221683502,2.287845846042198e-05,0.2927236300375726
1187,5935,0.2118566334247589,2.287845846042198e-05,0.2927236300375726
1187,5940,0.27489688992500305,2.2738305151465645e-05,0.29274305949608487
1188,5940,0.2152191400527954,2.2738305151465645e-05,0.29274305949608487
1188,5945,0.30340057611465454,2.2598527363373412e-05,0.2927691141764323
1189,5945,0.22005264461040497,2.2598527363373412e-05,0.2927691141764323
1189,5950,0.2869163453578949,2.2459125775517852e-05,0.2927907672193315
1190,5950,0.17688119411468506,2.2459125775517852e-05,0.2927907672193315
1190,5955,0.16386878490447998,2.2320101065443066e-05,0.2928205347723431
1191,5955,0.14100700616836548,2.2320101065443066e-05,0.2928205347723431
1191,5960,0.21363070607185364,2.2181453908861307e-05,0.29285666594902676
1192,5960,0.22769932448863983,2.2181453908861307e-05,0.29285666594902676
1192,5965,0.175876185297966,2.2043184979649933e-05,0.2928939254747497
1193,5965,0.32172900438308716,2.2043184979649933e-05,0.2928939254747497
1193,5970,0.18346649408340454,2.190529494984782e-05,0.29292914685275817
1194,5970,0.18773703277111053,2.190529494984782e-05,0.29292914685275817
1194,5975,0.1940358281135559,2.1767784489652343e-05,0.292945330341657
1195,5975,0.27864378690719604,2.1767784489652343e-05,0.292945330341657
1195,5980,0.25246772170066833,2.163065426741603e-05,0.29296620521280503
1196,5980,0.20046517252922058,2.163065426741603e-05,0.29296620521280503
1196,5985,0.26547086238861084,2.149390494964323e-05,0.29298754450347686
1197,5985,0.31956788897514343,2.149390494964323e-05,0.29298754450347686
1197,5990,0.1888517588376999,2.1357537200987055e-05,0.2930111197961701
1198,5990,0.19309672713279724,2.1357537200987055e-05,0.2930111197961701
1198,5995,0.18464431166648865,2.1221551684245944e-05,0.2930324077606201
1199,5995,0.1804358959197998,2.1221551684245944e-05,0.2930324077606201
1199,6000,0.27500689029693604,2.1085949060360654e-05,0.2930603606833352
1200,6000,0.18876604735851288,2.1085949060360654e-05,0.2930603606833352
1200,6005,0.28289657831192017,2.0950729988410822e-05,0.29307566914293504
